,,,,,,,,Pass Types,Pass Types,Pass Types,Pass Types,Pass Types,Pass Types,Pass Types,Pass Types,Corner Kicks,Corner Kicks,Corner Kicks,Height,Height,Height,Body Parts,Body Parts,Body Parts,Body Parts,Body Parts,,Outcomes,Outcomes,Outcomes,Outcomes,,
Rk,Player,Pos,Squad,Age,Born,90s,Att,Live,Dead,FK,TB,Press,Sw,Crs,CK,In,Out,Str,Ground,Low,High,Left,Right,Head,TI,Other,Cmp,Off,Out,Int,Blocks,,
1,Patrick van Aanholt,DF,nl Netherlands,30,1990,3.3,178,155,23,0,1,10,4,7,0,0,0,0,119,36,23,124,29,1,23,1,140,0,3,8,4,,
2,Francesco Acerbi,DF,it Italy,32,1988,2.6,168,161,7,3,0,11,4,0,0,0,0,0,136,11,21,140,20,5,0,0,160,1,1,0,0,,
3,Che Adams,FW,sct Scotland,24,1996,2.4,52,51,1,0,0,15,4,1,0,0,0,0,32,11,9,3,45,1,0,1,42,0,1,2,2,,
4,Arijan Ademi,MF,mk N. Macedonia,29,1991,2.8,93,92,1,1,0,20,2,1,0,0,0,0,79,6,8,13,73,5,0,0,83,0,1,4,0,,
5,Manuel Akanji,DF,ch Switzerland,25,1995,5.7,287,273,14,12,0,36,6,0,0,0,0,0,237,12,38,90,183,9,2,0,261,1,3,4,6,,
6,Nathan Aké,DF,nl Netherlands,25,1995,0.6,35,34,1,1,0,3,0,1,0,0,0,0,32,0,3,30,4,1,0,0,32,0,0,0,0,,
7,David Alaba,DF,at Austria,28,1992,4.3,334,280,54,9,0,48,16,8,17,7,8,0,227,50,57,263,37,5,28,0,275,2,12,5,12,,
8,Jordi Alba,DF,es Spain,31,1989,6.2,589,514,75,18,1,40,7,21,0,0,0,0,434,92,63,442,74,14,57,0,504,1,6,17,14,,
9,Thiago Alcántara,MF,es Spain,29,1991,0.8,89,85,4,3,1,12,8,0,1,1,0,0,66,10,13,5,81,1,0,0,73,0,3,2,2,,
10,Toby Alderweireld,DF,be Belgium,31,1989,4,306,293,13,10,0,17,14,0,0,0,0,0,235,14,57,48,236,14,3,0,267,2,1,10,3,,
11,Nikolai Alho,DF,fi Finland,27,1993,0.2,7,7,0,0,0,0,0,1,0,0,0,0,4,0,3,0,7,0,0,0,4,0,0,0,0,,
12,Ezgjan Alioski,DF,mk N. Macedonia,28,1992,3,169,119,50,6,0,25,9,8,3,3,0,0,83,41,45,109,11,6,41,0,125,0,3,6,7,,
13,Joe Allen,MF,wls Wales,30,1990,3.7,131,127,4,2,0,22,2,0,1,0,0,0,106,12,13,17,105,5,1,2,113,0,3,3,1,,
14,Ethan Ampadu,DFMF,wls Wales,20,2000,0.8,31,29,2,2,0,4,1,0,0,0,0,0,24,3,4,5,25,1,0,0,27,0,1,1,0,,
15,Joachim Andersen,DF,dk Denmark,24,1996,0.7,38,37,1,0,0,0,1,0,0,0,0,0,31,1,6,2,34,1,1,0,36,0,2,0,0,,
16,Paulus Arajuuri,DF,fi Finland,32,1988,3,84,80,4,4,0,9,1,0,0,0,0,0,73,2,9,14,65,3,0,0,80,0,1,0,0,,
17,Stuart Armstrong,MF,sct Scotland,28,1992,1.7,60,55,5,2,0,19,3,4,1,1,0,0,38,11,11,14,44,1,0,0,48,0,2,3,1,,
18,Marko Arnautović,FW,at Austria,31,1989,2.4,67,65,2,0,0,23,0,1,0,0,0,0,42,15,10,6,46,5,1,2,46,0,2,5,3,,
19,Ludwig Augustinsson,DF,se Sweden,26,1994,3.9,128,99,29,2,0,25,6,13,1,1,0,0,45,29,54,78,15,6,26,0,81,0,2,3,5,,
20,Daniel Avramovski,MF,mk N. Macedonia,25,1995,0.2,4,3,1,1,0,2,0,0,0,0,0,0,3,1,0,4,0,0,0,0,4,0,0,0,0,,
21,Kaan Ayhan,MFDF,tr Turkey,26,1994,2,126,125,1,1,0,8,9,1,0,0,0,0,100,12,14,10,109,6,0,0,117,0,0,1,2,,
22,César Azpilicueta,DF,es Spain,31,1989,4.4,318,285,33,3,0,28,4,4,0,0,0,0,235,45,38,20,257,9,30,0,279,0,1,10,6,,
23,Daniel Bachmann,GK,at Austria,26,1994,4.3,153,115,38,8,0,19,6,0,0,0,0,0,92,6,55,20,112,0,0,20,120,0,3,1,0,,
24,Gareth Bale,MFFW,wls Wales,31,1989,3.9,102,93,9,3,3,29,16,12,0,0,0,0,58,14,30,81,5,3,6,1,67,0,6,5,7,,
25,Antonín Barák,MF,cz Czech Republic,26,1994,2,101,88,13,4,0,14,6,6,8,6,0,0,71,7,23,83,15,2,0,0,81,0,3,3,1,,
26,Enis Bardhi,MF,mk N. Macedonia,25,1995,2.6,118,106,12,6,1,23,11,2,4,2,0,0,93,10,15,13,101,1,2,0,95,3,2,6,4,,
27,Nicolò Barella,MF,it Italy,23,1997,5.2,239,235,4,1,1,43,5,0,0,0,0,0,181,28,30,20,209,3,3,3,202,2,0,8,7,,
28,Dmitri Barinov,DFMF,ru Russia,24,1996,1.5,104,102,2,2,0,10,5,1,0,0,0,0,84,8,12,8,91,3,0,0,82,0,0,7,3,,
29,Borna Barišić,DF,hr Croatia,28,1992,0.2,15,13,2,0,0,3,0,0,0,0,0,0,11,3,1,10,2,0,2,0,12,1,0,0,0,,
30,Alessandro Bastoni,DF,it Italy,21,1999,1,83,81,2,2,0,6,3,2,0,0,0,0,67,5,11,64,12,4,0,0,78,0,1,2,1,,
31,Michy Batshuayi,MF,be Belgium,27,1993,0.2,12,12,0,0,0,2,0,0,0,0,0,0,10,2,0,1,11,0,0,0,11,0,0,0,0,,
32,Julian Baumgartlinger,MF,at Austria,33,1988,0,2,2,0,0,0,0,0,0,0,0,0,0,2,0,0,1,1,0,0,0,2,0,0,0,0,,
33,Christoph Baumgartner,FW,at Austria,21,1999,2.7,91,87,4,1,0,34,1,1,0,0,0,0,62,19,10,3,71,8,2,2,69,0,1,0,7,,
34,Jan Bednarek,DF,pl Poland,24,1996,2.9,158,152,6,3,0,19,8,0,0,0,0,0,129,12,17,21,124,6,3,1,145,0,2,3,1,,
35,Egzon Bejtulai,DFMF,mk N. Macedonia,27,1994,0.3,10,9,1,0,0,3,1,1,0,0,0,0,6,3,1,2,4,1,1,0,6,0,1,0,0,,
36,Jude Bellingham,MF,eng England,17,2003,0.6,22,22,0,0,0,8,1,0,0,0,0,0,18,2,2,4,17,1,0,0,18,0,0,1,2,,
37,Andrea Belotti,FW,it Italy,27,1993,2.4,33,28,5,0,0,16,1,1,0,0,0,0,18,10,5,3,26,2,0,0,22,0,1,4,4,,
38,László Bénes,MF,sk Slovakia,23,1997,0.2,15,13,2,0,0,0,0,1,1,0,1,0,10,2,3,12,1,1,1,0,13,0,0,0,0,,
39,Pierre Bengtsson,DFMF,se Sweden,32,1988,0.5,17,14,3,0,0,3,1,0,0,0,0,0,6,3,8,10,2,1,3,1,9,1,0,1,0,,
40,Loris Benito,DF,ch Switzerland,29,1992,0.1,6,5,1,0,0,0,0,0,0,0,0,0,2,3,1,3,0,2,1,0,3,0,0,0,1,,
41,Christian Benteke,FW,be Belgium,30,1990,0.1,5,5,0,0,0,1,0,0,0,0,0,0,5,0,0,0,5,0,0,0,4,0,0,0,0,,
42,Karim Benzema,FW,fr France,33,1987,3.8,139,129,10,0,0,25,0,3,0,0,0,0,118,16,5,17,116,4,0,1,121,1,1,6,6,,
43,Domenico Berardi,FW,it Italy,26,1994,4.2,138,130,8,2,1,37,5,6,5,3,1,0,95,25,18,117,14,3,1,2,103,1,2,5,11,,
44,Bartosz Bereszyński,DF,pl Poland,28,1992,3,206,186,20,4,0,23,4,6,0,0,0,0,146,22,38,14,163,8,16,0,166,0,2,10,4,,
45,Marcus Berg,FW,se Sweden,34,1986,2,42,42,0,0,0,15,1,0,0,0,0,0,17,12,13,6,24,7,0,1,25,0,1,0,3,,
46,Steven Berghuis,DFFW,nl Netherlands,29,1991,0.6,37,31,6,1,0,6,2,4,2,1,1,0,22,4,11,28,4,1,3,0,22,0,1,5,1,,
47,Federico Bernardeschi,FW,it Italy,26,1994,1.4,51,43,8,2,0,9,2,4,5,2,3,0,34,7,10,45,2,1,1,1,32,1,2,3,3,,
48,Artem Besyedin,FWDF,ua Ukraine,24,1996,0.4,10,10,0,0,0,2,1,0,0,0,0,0,6,2,2,1,8,0,0,0,8,0,0,0,0,,
49,Roman Bezus,MF,ua Ukraine,30,1990,0,1,1,0,0,0,0,0,0,0,0,0,0,1,0,0,0,1,0,0,0,1,0,0,0,0,,
50,Daley Blind,DF,nl Netherlands,30,1990,3.3,309,300,9,8,2,16,3,1,0,0,0,0,243,26,40,257,44,4,1,1,278,1,1,6,2,,
51,Nicolai Boilesen,DF,dk Denmark,28,1992,0.2,5,2,3,1,0,1,0,0,0,0,0,0,2,2,1,1,1,0,2,0,4,0,0,0,0,,
52,Leonardo Bonucci,DF,it Italy,33,1987,7.5,476,447,29,21,3,32,22,0,0,0,0,0,355,32,89,84,374,10,1,3,419,7,7,9,3,,
53,Jan Bořil,DF,cz Czech Republic,30,1991,4,188,156,32,1,1,26,5,6,0,0,0,0,100,41,47,45,99,11,30,2,146,1,5,11,4,,
54,Endre Botka,DF,hu Hungary,26,1994,3,82,76,6,6,0,10,2,0,0,0,0,0,52,11,19,5,75,2,0,0,52,0,5,7,2,,
55,Dedryck Boyata,DF,be Belgium,30,1990,2,171,169,2,2,0,7,3,0,0,0,0,0,164,5,2,21,148,1,0,0,169,0,1,0,1,,
56,Jakub Brabec,DF,cz Czech Republic,28,1992,0.3,19,18,1,1,0,3,1,0,0,0,0,0,15,1,3,3,15,0,0,0,17,0,0,1,0,,
57,Martin Braithwaite,FWMF,dk Denmark,29,1991,6.3,185,181,4,0,0,47,3,14,0,0,0,0,127,30,28,23,147,3,0,5,140,0,3,5,10,,
58,Josip Brekalo,FWDF,hr Croatia,22,1998,1.3,45,41,4,0,1,6,2,2,0,0,0,0,31,8,6,6,32,3,4,0,36,0,1,3,2,,
59,David Brooks,FWMF,wls Wales,23,1997,0.4,8,8,0,0,0,1,1,1,0,0,0,0,7,1,0,7,1,0,0,0,5,0,1,1,1,,
60,Marcelo Brozović,MF,hr Croatia,28,1992,3.1,212,209,3,3,0,32,9,0,0,0,0,0,175,14,23,38,169,4,0,0,191,1,2,4,1,,
61,Ante Budimir,MF,hr Croatia,29,1991,0.5,7,7,0,0,0,2,0,0,0,0,0,0,5,1,1,5,0,0,0,1,6,0,0,0,0,,
62,Heorhiy Bushchan,GK,ua Ukraine,26,1994,5.3,145,95,50,10,0,12,1,0,0,0,0,0,72,10,63,18,101,0,0,22,103,2,3,1,0,,
63,Sergio Busquets,MF,es Spain,32,1988,4.4,321,307,14,13,3,42,3,0,0,0,0,0,251,30,40,67,240,8,1,1,293,0,4,7,4,,
64,Jens Cajuste,MF,se Sweden,21,1999,0.1,0,0,0,0,0,0,0,0,0,0,0,0,0,0,0,0,0,0,0,0,0,0,0,0,0,,
65,Uğurcan Çakır,GK,tr Turkey,24,1996,3,103,63,40,7,0,5,3,0,0,0,0,0,46,4,53,3,78,0,0,20,70,0,6,2,1,,
66,Duje Ćaleta-Car,DF,hr Croatia,24,1996,2.3,97,93,4,3,0,8,3,0,0,0,0,0,71,14,12,24,64,6,1,0,90,1,0,0,1,,
67,Hakan Çalhanoğlu,MF,tr Turkey,26,1994,2.9,156,145,11,2,1,34,9,3,8,4,4,0,108,26,22,9,143,2,1,0,120,0,6,5,7,,
68,Dominic Calvert-Lewin,FW,eng England,23,1997,0.2,3,3,0,0,0,1,0,0,0,0,0,0,2,0,1,0,2,1,0,0,2,0,0,1,0,,
69,Emre Can,DFMF,de Germany,27,1994,0.4,45,45,0,0,0,5,1,0,0,0,0,0,35,4,6,12,29,4,0,0,41,1,2,0,1,,
70,Yannick Carrasco,MF,be Belgium,27,1993,1.5,48,43,5,1,0,4,2,3,3,2,0,0,40,2,6,4,42,1,1,0,37,0,3,3,1,,
71,William Carvalho,MF,pt Portugal,28,1992,1.5,92,92,0,0,1,15,4,0,0,0,0,0,68,14,10,14,70,6,0,1,82,0,1,1,1,,
72,Timothy Castagne,DF,be Belgium,25,1995,0.3,11,10,1,0,0,0,0,0,0,0,0,0,9,0,2,0,9,1,1,0,10,0,0,0,0,,
73,Gaetano Castrovilli,MF,it Italy,23,1997,0,3,3,0,0,0,0,0,0,0,0,0,0,3,0,0,1,2,0,0,0,3,0,0,0,0,,
74,Zeki Çelik,DF,tr Turkey,23,1997,3,163,138,25,7,2,22,3,4,0,0,0,0,105,29,29,15,119,9,18,1,133,0,1,6,1,,
75,Ondřej Čelůstka,DF,cz Czech Republic,31,1989,4.7,176,171,5,5,0,19,10,0,0,0,0,0,127,15,34,28,132,8,0,2,149,0,4,3,3,,
76,Nacer Chadli,DF,be Belgium,31,1989,1,70,63,7,0,0,14,0,4,0,0,0,0,48,15,7,19,42,1,7,0,60,0,0,0,1,,
77,Denis Cheryshev,FWMF,ru Russia,30,1990,0.4,3,3,0,0,0,0,0,0,0,0,0,0,3,0,0,3,0,0,0,0,2,0,0,0,0,,
78,Giorgio Chiellini,DF,it Italy,36,1984,4.9,313,294,19,5,0,36,7,0,0,0,0,0,249,24,40,208,78,12,5,0,287,2,3,4,2,,
79,Federico Chiesa,FW,it Italy,23,1997,4.9,112,110,2,0,2,28,6,11,0,0,0,0,82,16,14,21,87,0,2,1,84,2,4,2,6,,
80,Andreas Christensen,DF,dk Denmark,24,1996,5.8,291,276,15,13,0,33,4,0,0,0,0,0,243,22,26,18,253,10,2,1,265,0,4,4,1,,
81,Ryan Christie,FW,sct Scotland,25,1995,0.5,11,9,2,0,0,6,0,1,0,0,0,0,6,3,2,9,1,0,0,1,9,0,0,0,0,,
82,Darko Churlinov,FW,mk N. Macedonia,20,2000,0.9,16,16,0,0,0,7,0,2,0,0,0,0,14,2,0,4,12,0,0,0,12,0,0,2,1,,
83,Viktor Claesson,MFFW,se Sweden,29,1992,1,21,19,2,0,0,6,3,0,0,0,0,0,7,7,7,1,12,5,1,0,13,0,1,0,2,,
84,Kingsley Coman,MFFW,fr France,24,1996,1,42,42,0,0,0,13,1,5,0,0,0,0,33,2,7,13,25,3,0,0,33,0,1,3,0,,
85,Liam Cooper,DF,sct Scotland,29,1991,1,77,76,1,1,1,9,3,1,0,0,0,0,52,9,16,54,14,8,0,0,63,1,3,4,3,,
86,Andreas Cornelius,FW,dk Denmark,27,1993,0.7,27,27,0,0,0,10,1,1,0,0,0,0,13,10,4,19,1,1,0,2,19,0,3,0,1,,
87,Vladimír Coufal,DF,cz Czech Republic,28,1992,5,326,261,65,4,1,40,5,20,0,0,0,0,156,63,107,31,211,16,61,0,235,2,6,15,8,,
88,Thibaut Courtois,GK,be Belgium,28,1992,5,171,116,55,12,0,8,4,0,0,0,0,0,109,6,56,100,37,0,0,32,140,0,3,0,1,,
89,Bryan Cristante,MF,it Italy,25,1995,1.5,74,74,0,0,0,14,2,2,0,0,0,0,52,6,16,4,64,2,0,0,62,0,2,1,3,,
90,Tamás Cseri,MF,hu Hungary,33,1988,0.2,1,1,0,0,0,0,0,0,0,0,0,0,1,0,0,1,0,0,0,0,1,0,0,0,0,,
91,Diogo Dalot,DF,pt Portugal,21,1999,1.1,78,73,5,1,0,9,3,3,0,0,0,0,58,4,16,0,69,3,4,0,67,0,0,0,1,,
92,Mikkel Damsgaard,MFFW,dk Denmark,20,2000,3.6,123,121,2,1,0,25,3,6,0,0,0,0,93,9,21,11,107,3,0,0,92,0,6,7,3,,
93,Marcus Danielsson,DF,se Sweden,31,1989,4.1,151,145,6,5,0,19,4,1,0,0,0,0,111,14,26,40,94,9,1,1,130,1,2,2,2,,
94,Vladimír Darida,MF,cz Czech Republic,30,1990,2.7,125,117,8,2,0,27,8,7,6,3,2,0,79,16,30,21,98,4,0,1,93,0,0,6,4,,
95,Ben Davies,DF,wls Wales,27,1993,3.1,120,98,22,1,0,22,3,4,0,0,0,0,62,26,32,78,9,9,21,0,86,0,5,4,4,,
96,Paweł Dawidowicz,DF,pl Poland,25,1995,0.1,2,2,0,0,0,1,0,0,0,0,0,0,1,0,1,1,1,0,0,0,1,0,1,0,0,,
97,Kevin De Bruyne,MF,be Belgium,29,1991,3,182,166,16,1,0,19,12,8,14,3,6,0,128,21,33,18,160,2,1,1,136,3,2,9,4,,
98,Thomas Delaney,MF,dk Denmark,29,1991,5.1,251,249,2,1,0,56,10,8,0,0,0,0,165,38,48,201,23,9,1,5,198,1,10,5,10,,
99,Ousmane Dembélé,FWMF,fr France,23,1997,0.3,11,11,0,0,0,0,0,1,0,0,0,0,9,1,1,4,7,0,0,0,6,0,0,0,1,,
100,Merih Demiral,DF,tr Turkey,22,1998,2.5,138,134,4,4,0,8,3,1,0,0,0,0,118,6,14,14,116,7,0,0,123,0,2,2,1,,
101,Jason Denayer,DF,be Belgium,25,1995,2,158,155,3,1,0,10,1,0,0,0,0,0,144,7,7,7,143,4,2,0,148,0,0,1,2,,
102,Leander Dendoncker,MF,be Belgium,25,1995,1.7,90,86,4,4,0,8,0,1,0,0,0,0,75,4,11,13,68,6,0,0,78,0,1,1,1,,
103,Memphis Depay,FW,nl Netherlands,26,1994,3.6,176,149,27,3,1,31,15,8,17,9,4,1,121,18,37,15,152,4,0,3,123,1,6,6,6,,
104,Halil Dervişoğlu,MF,tr Turkey,21,1999,0.3,7,7,0,0,0,2,0,0,0,0,0,0,5,1,1,0,6,0,0,0,4,0,1,0,1,,
105,Giovanni Di Lorenzo,DF,it Italy,27,1993,6.5,345,277,68,12,0,41,3,7,0,0,0,0,225,75,45,26,237,14,56,1,299,0,4,10,7,,
106,Rúben Dias,DF,pt Portugal,23,1997,4,307,297,10,9,1,14,13,0,0,0,0,0,255,17,35,52,244,10,1,0,286,0,5,0,3,,
107,Lucas Digne,DF,fr France,27,1993,1.1,74,64,10,1,0,17,0,4,0,0,0,0,46,19,9,57,0,2,9,0,62,0,0,3,4,,
108,Stole Dimitrievski,GK,mk N. Macedonia,27,1993,3,98,67,31,8,0,4,6,0,0,0,0,0,45,8,45,8,73,0,0,14,74,0,5,1,0,,
109,Igor Diveev,DF,ru Russia,21,1999,2.5,117,110,7,6,0,8,8,0,0,0,0,0,80,12,25,19,88,5,1,1,95,1,2,3,1,,
110,Jeremy Doku,MF,be Belgium,18,2002,1.8,60,60,0,0,1,11,1,5,0,0,0,0,53,6,1,11,48,0,0,0,48,0,1,1,1,,
111,Kasper Dolberg,FW,dk Denmark,23,1997,2.5,49,47,2,0,0,13,1,1,0,0,0,0,35,9,5,6,35,3,0,2,38,0,0,2,1,,
112,Gianluigi Donnarumma,GK,it Italy,21,1999,8,243,193,50,17,0,27,3,0,0,0,0,0,166,11,66,34,161,1,0,41,201,0,6,4,0,,
113,Artem Dovbyk,FW,ua Ukraine,23,1997,0.2,5,4,1,0,0,1,0,0,0,0,0,0,5,0,0,3,2,0,0,0,4,0,0,0,0,,
114,Aleksandar Dragović,DF,at Austria,29,1991,3.8,232,220,12,11,1,31,9,1,0,0,0,0,188,9,35,31,188,6,1,0,201,0,3,7,2,,
115,Martin Dúbravka,GK,sk Slovakia,32,1989,3,120,81,39,11,0,13,6,0,0,0,0,0,63,3,54,12,93,0,0,13,80,0,4,1,2,,
116,Ondrej Duda,FW,sk Slovakia,26,1994,2.5,88,82,6,0,0,18,9,1,2,2,0,0,63,5,20,8,77,2,0,0,71,0,2,1,2,,
117,Denzel Dumfries,DF,nl Netherlands,24,1996,3.5,129,97,32,2,0,16,3,8,0,0,0,0,67,38,24,8,77,5,30,2,95,1,1,4,6,,
118,Michal Ďuriš,FWMF,sk Slovakia,32,1988,0.6,13,10,3,0,0,2,0,0,0,0,0,0,12,0,1,1,12,0,0,0,13,0,0,0,0,,
119,Lyndon Dykes,FW,sct Scotland,25,1995,2.9,53,51,2,0,0,26,2,1,0,0,0,0,10,18,25,2,17,15,0,1,24,0,4,4,4,,
120,Georgi Dzhikiya,DF,ru Russia,27,1993,3,132,121,11,11,0,13,1,1,0,0,0,0,102,3,27,66,62,2,0,2,110,2,3,1,0,,
121,Artem Dzyuba,FW,ru Russia,32,1988,2.9,83,79,4,0,0,38,1,1,0,0,0,0,30,28,25,4,40,10,1,4,50,0,1,7,3,,
122,Albin Ekdal,MF,se Sweden,31,1989,4.3,136,130,6,4,2,25,3,0,0,0,0,0,103,15,18,11,109,7,1,0,119,0,2,3,2,,
123,Elif Elmas,MFFW,mk N. Macedonia,21,1999,3,106,102,4,1,0,28,3,0,1,0,0,0,87,7,12,17,83,4,0,0,94,0,1,4,3,,
124,Nico Elvedi,DF,ch Switzerland,24,1996,5.7,240,233,7,4,0,25,1,0,0,0,0,0,208,13,19,42,185,8,3,0,216,1,2,4,2,,
125,Breel Embolo,FW,ch Switzerland,23,1997,4.1,110,108,2,0,0,38,2,2,0,0,0,0,83,19,8,17,83,6,1,2,87,2,2,5,5,,
126,Christian Eriksen,MF,dk Denmark,28,1992,0.5,30,24,6,0,0,6,3,2,6,4,2,0,14,7,9,4,25,0,0,0,22,0,1,0,0,,
127,Christian Fassnacht,FWMF,ch Switzerland,27,1993,0.8,19,19,0,0,0,6,1,0,0,0,0,0,10,0,9,3,11,2,0,0,8,0,1,1,0,,
128,João Félix,FW,pt Portugal,21,1999,0.4,20,19,1,0,0,3,1,1,0,0,0,0,14,3,3,2,15,0,1,1,16,0,0,0,1,,
129,Bruno Fernandes,MF,pt Portugal,26,1994,2.3,105,89,16,5,2,19,7,13,6,0,5,0,65,8,32,5,95,2,3,0,79,0,0,1,3,,
130,Mário Fernandes,DF,ru Russia,30,1990,2.3,76,57,19,1,0,8,2,1,0,0,0,0,36,17,23,4,46,5,18,1,59,0,1,1,1,,
131,Attila Fiola,DF,hu Hungary,30,1990,2.9,91,65,26,3,0,6,0,2,0,0,0,0,44,29,18,12,50,5,23,1,62,0,1,6,4,,
132,Alessandro Florenzi,DF,it Italy,29,1991,0.5,57,49,8,1,0,3,3,2,0,0,0,0,37,10,10,3,46,1,7,0,48,0,2,3,1,,
133,Phil Foden,FWMF,eng England,20,2000,1.8,75,71,4,1,0,9,3,1,2,1,1,0,59,6,10,70,4,1,0,0,63,0,1,0,2,,
134,James Forrest,DF,sct Scotland,29,1991,0.1,5,5,0,0,0,2,0,0,0,0,0,0,4,0,1,0,4,0,0,0,3,0,0,1,0,,
135,Emil Forsberg,MF,se Sweden,29,1991,4.1,147,133,14,1,0,26,6,0,12,11,1,0,107,21,19,8,132,3,0,3,119,0,5,4,2,,
136,Marcus Forss,FW,fi Finland,21,1999,0.1,2,2,0,0,0,1,0,0,0,0,0,0,1,1,0,0,1,0,0,1,1,0,0,0,1,,
137,Przemysław Frankowski,DFFW,pl Poland,25,1995,0.9,49,43,6,0,0,8,2,8,0,0,0,0,28,13,8,7,36,0,6,0,41,1,1,1,3,,
138,Ryan Fraser,MF,sct Scotland,26,1994,0.5,22,19,3,0,0,2,2,4,2,1,1,0,11,3,8,5,16,1,0,0,15,0,0,0,0,,
139,Remo Freuler,MF,ch Switzerland,28,1992,5.1,249,236,13,13,0,59,6,4,0,0,0,0,195,28,26,36,198,7,0,1,224,0,3,5,3,,
140,Cody Gakpo,MF,nl Netherlands,21,1999,0.1,6,6,0,0,0,3,0,1,0,0,0,0,3,2,1,0,6,0,0,0,4,0,0,0,1,,
141,Eric García,DF,es Spain,20,2001,2.8,288,281,7,7,0,10,8,0,0,0,0,0,272,3,13,52,232,3,0,1,277,0,0,4,0,,
142,Mario Gavranović,FWMF,ch Switzerland,31,1989,1.7,31,28,3,0,0,14,0,0,0,0,0,0,25,4,2,3,26,1,0,0,23,0,0,1,2,,
143,Billy Gilmour,MF,sct Scotland,19,2001,0.8,45,43,2,1,0,9,3,1,1,1,0,0,36,3,6,6,38,1,0,0,40,0,0,0,0,,
144,Matthias Ginter,DF,de Germany,27,1994,3.8,300,295,5,0,0,20,5,7,0,0,0,0,240,16,44,37,244,10,5,0,263,2,3,2,4,,
145,Olivier Giroud,FW,fr France,34,1986,0.5,11,10,1,0,0,2,0,0,0,0,0,0,6,5,0,9,0,0,1,0,7,0,0,1,0,,
146,Kamil Glik,DF,pl Poland,32,1988,3,141,135,6,5,0,23,1,0,0,0,0,0,104,9,28,20,98,7,1,2,120,0,2,0,2,,
147,Serge Gnabry,FW,de Germany,25,1995,2.8,80,72,8,0,0,17,1,4,0,0,0,0,61,10,9,14,59,7,0,0,63,0,5,2,1,,
148,Aleksandr Golovin,MFFW,ru Russia,24,1996,3,130,114,16,3,1,24,5,12,7,3,3,1,86,19,25,14,106,1,4,2,100,0,3,6,2,,
149,Leon Goretzka,MFFW,de Germany,25,1995,1.6,72,71,1,1,1,14,0,0,0,0,0,0,62,3,7,1,65,6,0,0,66,0,0,1,1,,
150,Robin Gosens,DF,de Germany,26,1994,3.5,190,172,18,3,2,26,3,12,0,0,0,0,139,30,21,159,11,4,15,0,159,1,1,4,5,,
151,Ryan Gravenberch,MF,nl Netherlands,18,2002,1.2,95,93,2,1,1,5,0,0,0,0,0,0,82,7,6,13,80,1,1,0,85,0,1,3,3,,
152,Jack Grealish,FWMF,eng England,25,1995,2,77,73,4,1,0,24,0,3,0,0,0,0,59,12,6,5,66,1,2,0,64,0,0,3,1,,
153,Michael Gregoritsch,FWMF,at Austria,26,1994,1.2,27,24,3,0,1,7,0,2,0,0,0,0,18,3,6,12,9,3,0,1,23,0,0,0,0,,
154,Ján Greguš,FW,sk Slovakia,30,1991,0,1,1,0,0,0,1,0,0,0,0,0,0,0,1,0,0,1,0,0,0,1,0,0,0,0,,
155,Antoine Griezmann,MFFW,fr France,29,1991,3.9,189,169,20,6,2,33,12,5,11,6,5,0,132,20,37,155,25,3,3,1,152,0,3,9,4,,
156,Florian Grillitsch,MF,at Austria,25,1995,2.5,169,165,4,4,0,38,5,2,0,0,0,0,138,8,23,18,147,3,0,1,146,0,4,5,3,,
157,Raphaël Guerreiro,DF,pt Portugal,27,1993,4,275,245,30,4,0,22,3,8,0,0,0,0,197,40,38,232,8,8,26,1,245,1,1,9,4,,
158,Péter Gulácsi,GK,hu Hungary,30,1990,3,102,67,35,5,0,6,0,0,0,0,0,0,66,4,32,8,79,0,0,11,81,0,0,0,1,,
159,İlkay Gündoğan,MF,de Germany,30,1990,2.4,183,181,2,0,0,12,5,0,0,0,0,0,162,11,10,52,124,4,2,1,172,1,1,4,1,,
160,Chris Gunter,DF,wls Wales,31,1989,1,30,28,2,1,0,5,0,0,0,0,0,0,24,0,6,12,17,0,1,0,25,0,1,0,0,,
161,Joško Gvardiol,DF,hr Croatia,19,2002,4.1,209,175,34,1,0,29,6,7,0,0,0,0,132,48,29,121,48,5,33,1,174,1,6,8,5,,
162,Marcel Halstenberg,DF,de Germany,29,1991,0.3,11,7,4,1,0,2,0,1,0,0,0,0,6,2,3,6,0,1,3,0,9,0,0,0,0,,
163,Marek Hamšík,MF,sk Slovakia,33,1987,2.8,151,142,9,4,0,31,15,3,2,2,0,0,105,21,25,47,100,1,0,1,127,3,1,2,3,,
164,Dávid Hancko,DF,sk Slovakia,23,1997,0.1,10,8,2,0,0,2,0,0,0,0,0,0,4,4,2,6,0,1,2,0,8,0,0,1,0,,
165,Grant Hanley,DF,sct Scotland,29,1991,2.4,88,87,1,1,0,12,3,0,0,0,0,0,79,2,7,7,76,1,0,0,82,0,1,0,0,,
166,Lukáš Haraslín,FW,sk Slovakia,24,1996,2,38,37,1,1,0,8,2,1,0,0,0,0,31,3,4,9,25,2,0,1,30,0,0,2,0,,
167,Ferhan Hasani,FW,mk N. Macedonia,30,1990,0.3,8,7,1,1,0,0,0,1,0,0,0,0,5,3,0,0,8,0,0,0,5,0,1,1,0,,
168,Kai Havertz,FWMF,de Germany,21,1999,3.3,117,116,1,1,2,26,2,2,0,0,0,0,95,11,11,93,19,0,0,2,96,0,1,3,6,,
169,Eden Hazard,MF,be Belgium,30,1991,2.5,139,138,1,0,0,22,3,2,1,0,1,0,115,16,8,26,109,1,0,2,121,0,2,5,0,,
170,Thorgan Hazard,DF,be Belgium,27,1993,4,283,245,38,4,0,15,6,5,0,0,0,0,201,50,32,59,182,7,34,1,249,0,1,8,8,,
171,Filip Helander,DFMF,se Sweden,27,1993,0.2,3,3,0,0,0,2,0,0,0,0,0,0,3,0,0,3,0,0,0,0,3,0,0,0,0,,
172,Jordan Henderson,MF,eng England,30,1990,1.7,118,114,4,2,0,15,3,2,0,0,0,0,86,11,21,16,93,4,2,1,101,0,1,3,0,,
173,Jack Hendry,DF,sct Scotland,25,1995,0.7,22,22,0,0,0,4,0,0,0,0,0,0,16,3,3,1,20,1,0,0,18,0,1,0,1,,
174,Lucas Hernández,DF,fr France,24,1996,1.5,80,67,13,3,0,4,1,1,0,0,0,0,57,9,14,66,3,1,10,0,70,0,1,1,1,,
175,Martin Hinteregger,DF,at Austria,28,1992,4.3,254,244,10,6,0,28,2,3,0,0,0,0,191,28,35,190,46,14,3,0,215,0,3,6,1,,
176,Adam Hložek,FW,cz Czech Republic,18,2002,0.9,25,25,0,0,0,3,1,3,0,0,0,0,17,1,7,8,14,1,0,0,16,0,2,1,0,,
177,Pierre Højbjerg,MF,dk Denmark,25,1995,6.3,399,390,9,5,0,61,11,6,0,0,0,0,294,43,62,59,316,20,0,1,338,0,7,13,3,,
178,Tomáš Holeš,MF,cz Czech Republic,27,1993,3.3,112,110,2,2,0,17,1,0,0,0,0,0,75,18,19,17,82,13,0,0,89,1,4,3,2,,
179,Lukáš Hrádecký,GK,fi Finland,31,1989,3,115,76,39,11,0,12,4,0,0,0,0,0,39,4,72,14,78,0,0,13,65,0,3,2,0,,
180,Jakub Hromada,MF,sk Slovakia,24,1996,1.4,38,38,0,0,0,13,0,0,0,0,0,0,30,3,5,5,31,2,0,0,30,0,0,1,0,,
181,Patrik Hrošovský,MF,sk Slovakia,28,1992,1.1,53,53,0,0,0,5,3,1,0,0,0,0,42,4,7,7,45,1,0,0,47,0,1,0,2,,
182,Tomáš Hubočan,DF,sk Slovakia,35,1985,2.9,129,110,19,2,1,13,2,0,0,0,0,0,80,25,24,26,82,4,17,0,107,0,3,2,4,,
183,Mats Hummels,DF,de Germany,32,1988,3.7,316,308,8,4,1,27,5,0,0,0,0,0,255,25,36,94,189,19,4,1,297,1,3,2,1,,
184,Stefan Ilsanker,MFFW,at Austria,31,1989,0.3,15,15,0,0,0,0,0,0,0,0,0,0,10,3,2,0,13,2,0,0,13,0,0,1,0,,
185,Ciro Immobile,FW,it Italy,30,1990,4.9,128,120,8,0,2,44,1,1,0,0,0,0,85,33,10,9,103,6,0,6,102,0,1,9,3,,
186,Lorenzo Insigne,FW,it Italy,29,1991,5.6,341,311,30,9,4,79,21,15,14,7,6,0,239,37,65,16,307,7,6,4,268,6,3,21,7,,
187,Alexander Isak,FW,se Sweden,21,1999,3.6,69,66,3,0,1,35,0,1,0,0,0,0,49,9,11,15,41,1,1,3,51,0,1,2,5,,
188,Luka Ivanušec,FWMF,hr Croatia,22,1998,0.7,25,25,0,0,0,1,0,1,0,0,0,0,19,3,3,1,22,2,0,0,19,0,2,0,1,,
189,Daniel James,MFFW,wls Wales,23,1997,3.5,72,59,13,5,0,15,8,11,8,4,0,2,35,14,23,12,56,4,0,0,53,0,2,1,4,,
190,Reece James,DF,eng England,21,1999,1,88,81,7,1,0,9,1,2,0,0,0,0,72,12,4,6,72,3,6,0,86,0,0,1,0,,
191,Jakub Jankto,FWMF,cz Czech Republic,25,1996,2.7,107,94,13,2,0,24,8,9,10,1,5,0,63,15,29,90,12,3,1,0,80,0,4,3,5,,
192,Fredrik Jensen,DFFW,fi Finland,23,1997,0.1,3,3,0,0,0,3,0,0,0,0,0,0,1,2,0,0,1,0,0,0,1,0,0,0,1,,
193,Mathias Jensen,MFFW,dk Denmark,25,1996,1.6,120,103,17,7,0,24,15,11,9,3,4,1,76,11,33,22,91,4,1,0,90,0,4,5,1,,
194,Frenkie de Jong,MF,nl Netherlands,23,1997,3.9,269,263,6,5,1,45,5,2,0,0,0,0,224,22,23,15,238,9,1,2,237,1,1,7,7,,
195,Luuk de Jong,FW,nl Netherlands,30,1990,0.1,14,14,0,0,0,5,0,0,0,0,0,0,6,5,3,2,6,1,0,1,9,0,0,0,0,,
196,Jorginho,MF,it Italy,29,1991,7.8,518,505,13,13,2,96,5,1,0,0,0,0,418,53,47,36,463,14,0,3,487,2,3,11,3,,
197,Diogo Jota,FWMF,pt Portugal,24,1996,3.6,107,106,1,0,0,22,3,3,1,0,0,0,86,11,10,32,70,2,0,1,88,0,0,9,3,,
198,Kamil Jóźwiak,DF,pl Poland,22,1998,2.7,134,115,19,0,0,24,2,9,0,0,0,0,83,30,21,2,106,4,19,2,104,0,5,6,5,,
199,Josip Juranović,DF,hr Croatia,25,1995,1.8,91,78,13,1,0,8,4,5,0,0,0,0,64,11,16,5,74,0,12,0,76,1,0,3,2,,
200,Pavel Kadeřábek,DF,cz Czech Republic,28,1992,1,49,42,7,0,0,5,0,1,0,0,0,0,29,8,12,5,31,5,7,0,38,0,0,4,0,,
201,İrfan Kahveci,MF,tr Turkey,25,1995,1.3,67,65,2,1,0,10,2,3,1,0,1,0,49,7,11,58,3,6,0,0,54,0,2,1,1,,
202,Sasa Kalajdzic,FW,at Austria,23,1997,1.2,39,36,3,0,0,11,0,0,0,0,0,0,23,8,8,4,27,1,0,1,32,0,0,1,0,,
203,Tomáš Kalas,DF,cz Czech Republic,27,1993,5,191,187,4,4,0,23,12,1,0,0,0,0,140,15,36,18,158,4,0,1,164,0,6,2,2,,
204,Glen Kamara,MF,fi Finland,25,1995,3,159,156,3,3,0,26,6,1,0,0,0,0,144,9,6,18,135,5,0,0,142,0,2,3,4,,
205,Harry Kane,FW,eng England,27,1993,7.2,164,159,5,1,1,57,12,5,0,0,0,0,104,32,28,21,118,4,3,1,116,0,3,13,3,,
206,N'Golo Kanté,MF,fr France,29,1991,4.3,253,250,3,3,0,39,5,0,0,0,0,0,211,25,17,30,203,12,0,4,232,1,0,3,7,,
207,Kenan Karaman,MF,tr Turkey,26,1994,1.8,41,41,0,0,0,14,0,0,0,0,0,0,22,11,8,10,23,2,0,1,25,1,0,4,3,,
208,Oleksandr Karavayev,DF,ua Ukraine,28,1992,5.3,290,245,45,5,0,27,8,6,0,0,0,0,191,58,41,30,204,11,40,1,242,0,2,9,9,,
209,Vyacheslav Karavayev,DF,ru Russia,25,1995,1.5,66,51,15,1,0,8,1,2,0,0,0,0,40,14,12,11,41,0,14,0,45,2,2,2,5,,
210,Joni Kauko,MFFW,fi Finland,30,1990,0.7,31,31,0,0,0,10,1,1,0,0,0,0,19,7,5,5,22,2,0,0,24,0,0,2,1,,
211,Joshua Kimmich,DF,de Germany,25,1995,4,261,228,33,4,2,34,8,16,4,0,4,0,178,34,49,50,173,8,25,3,222,0,3,8,1,,
212,Presnel Kimpembe,DF,fr France,25,1995,4.3,276,273,3,2,0,18,3,0,0,0,0,0,247,15,14,231,35,7,1,1,260,0,1,7,2,,
213,Simon Kjær,DF,dk Denmark,31,1989,5.9,264,257,7,7,0,28,9,1,0,0,0,0,197,19,48,63,182,13,0,0,235,0,3,6,0,,
214,László Kleinheisler,MF,hu Hungary,26,1994,2.7,59,53,6,2,0,10,2,3,2,1,0,0,44,6,9,9,45,3,0,1,43,0,1,4,1,,
215,Mateusz Klich,MF,pl Poland,30,1990,2.3,119,110,9,6,0,24,0,9,0,0,0,0,81,18,20,7,100,6,3,3,83,0,4,4,9,,
216,Orkun Kökçü,MF,tr Turkey,20,2000,0.1,7,6,1,0,0,1,1,0,1,1,0,0,3,1,3,1,6,0,0,0,6,0,0,0,0,,
217,Koke,MF,es Spain,29,1992,5.3,450,415,35,14,1,51,17,15,19,6,8,0,341,38,71,40,402,6,2,0,395,0,4,10,4,,
218,Martin Koscelník,FWDF,sk Slovakia,25,1995,1.1,42,40,2,1,0,6,0,4,0,0,0,0,33,5,4,5,36,0,1,0,33,1,2,1,0,,
219,Tihomir Kostadinov,MFFW,mk N. Macedonia,24,1996,0.6,17,17,0,0,0,3,1,0,0,0,0,0,9,3,5,2,13,1,0,0,13,0,1,1,0,,
220,Jules Koundé,DF,fr France,22,1998,1,49,43,6,0,0,5,2,2,0,0,0,0,36,4,9,2,40,1,6,0,41,0,0,0,2,,
221,Mateo Kovačić,MF,hr Croatia,26,1994,3.8,217,206,11,7,0,30,6,0,1,0,0,0,180,18,19,8,203,4,1,0,194,0,4,5,2,,
222,Kacper Kozłowski,FWMF,pl Poland,17,2003,0.6,18,18,0,0,0,5,1,0,0,0,0,0,15,0,3,1,16,1,0,0,15,0,0,0,2,,
223,Emil Krafth,DF,se Sweden,26,1994,0.9,29,22,7,0,0,5,1,0,0,0,0,0,12,4,13,0,20,2,7,0,17,0,1,0,2,,
224,Alex Král,MF,cz Czech Republic,22,1998,1.4,70,70,0,0,0,22,1,0,0,0,0,0,41,9,20,18,42,5,0,0,46,3,1,3,4,,
225,Andrej Kramarić,FWMF,hr Croatia,29,1991,2.5,62,55,7,1,0,9,0,3,0,0,0,0,44,10,8,11,49,2,0,0,55,0,0,4,2,,
226,Michal Krmenčík,FW,cz Czech Republic,27,1993,0.7,13,13,0,0,0,6,0,0,0,0,0,0,8,1,4,5,5,2,0,0,9,0,0,1,2,,
227,Toni Kroos,MF,de Germany,31,1990,4,390,358,32,18,0,39,28,5,12,4,3,0,303,22,65,40,342,4,2,2,351,1,2,9,2,,
228,Grzegorz Krychowiak,MFFW,pl Poland,31,1990,1.5,84,82,2,1,0,20,2,1,0,0,0,0,56,7,21,9,61,8,1,1,64,0,3,2,1,,
229,Serhiy Kryvtsov,DF,ua Ukraine,29,1991,1.7,102,100,2,2,0,3,2,0,0,0,0,0,96,0,6,12,88,2,0,0,98,0,0,1,0,,
230,Juraj Kucka,MF,sk Slovakia,33,1987,3,108,102,6,6,0,23,8,0,0,0,0,0,74,19,15,32,68,1,0,0,85,0,1,4,2,,
231,Fyodor Kudryashov,DF,ru Russia,33,1987,0.7,24,17,7,0,0,2,0,0,0,0,0,0,6,5,13,10,2,3,7,0,17,0,0,0,0,,
232,Dejan Kulusevski,FW,se Sweden,20,2000,1.5,43,42,1,0,0,13,0,1,0,0,0,0,33,7,3,32,7,2,0,1,35,0,1,2,2,,
233,Daler Kuzyaev,DFFW,ru Russia,28,1993,2.1,100,92,8,1,0,16,2,7,0,0,0,0,68,18,14,18,69,3,7,0,85,0,0,1,2,,
234,Konrad Laimer,FWMF,at Austria,23,1997,3.7,112,110,2,1,0,31,1,4,0,0,0,0,78,19,15,18,87,3,1,2,82,0,4,3,7,,
235,Stefan Lainer,DF,at Austria,28,1992,4.3,230,178,52,2,0,33,3,13,0,0,0,0,117,59,54,35,135,5,50,0,175,0,2,10,7,,
236,Aymeric Laporte,DF,es Spain,26,1994,7,673,659,14,14,1,21,23,0,0,0,0,0,590,28,55,500,151,16,0,2,637,1,3,7,1,,
237,Lassi Lappalainen,FW,fi Finland,22,1998,0.2,5,5,0,0,0,2,0,0,0,0,0,0,3,1,1,1,4,0,0,0,3,1,0,0,0,,
238,Seb Larsson,MF,se Sweden,35,1985,4.1,139,119,20,5,0,23,7,8,7,1,6,0,73,33,33,7,112,11,5,0,100,0,4,4,8,,
239,Valentino Lazaro,FWMF,at Austria,24,1996,0.2,15,13,2,0,0,2,0,1,2,0,2,0,9,3,3,1,13,0,0,1,14,0,0,0,0,,
240,Thomas Lemar,FW,fr France,25,1995,0,7,7,0,0,0,0,0,1,0,0,0,0,5,0,2,7,0,0,0,0,6,0,0,1,0,,
241,Clément Lenglet,DF,fr France,25,1995,0.5,41,41,0,0,0,3,0,0,0,0,0,0,35,6,0,32,5,3,0,0,39,0,0,0,1,,
242,Dylan Levitt,MF,wls Wales,20,2000,0.1,0,0,0,0,0,0,0,0,0,0,0,0,0,0,0,0,0,0,0,0,0,0,0,0,0,,
243,Robert Lewandowski,FW,pl Poland,32,1988,3,68,65,3,0,0,28,3,5,0,0,0,0,41,12,15,5,49,5,0,2,46,0,4,2,4,,
244,Philipp Lienhart,DF,at Austria,24,1996,0.6,41,38,3,3,0,1,1,1,0,0,0,0,34,5,2,8,31,2,0,0,37,0,1,0,0,,
245,Matthijs de Ligt,DFMF,nl Netherlands,21,1999,2.6,127,122,5,5,0,6,2,0,0,0,0,0,110,6,11,21,100,4,0,0,119,0,1,2,0,,
246,Victor Lindelöf,DF,se Sweden,26,1994,4.3,215,200,15,6,0,19,5,0,0,0,0,0,172,17,26,40,152,6,9,1,190,0,1,1,2,,
247,Karol Linetty,MF,pl Poland,25,1995,0.9,33,33,0,0,0,11,0,0,0,0,0,0,32,0,1,12,19,0,0,1,26,0,0,2,2,,
248,Dominik Livaković,GK,hr Croatia,26,1995,4.3,132,88,44,9,0,7,5,0,0,0,0,0,70,5,57,1,105,0,0,24,99,2,5,3,1,,
249,Marcos Llorente,DF,es Spain,26,1995,2.7,266,246,20,2,0,22,3,13,0,0,0,0,224,30,12,12,235,0,18,0,241,1,0,7,5,,
250,Hugo Lloris,GK,fr France,34,1986,4.3,108,71,37,8,0,4,2,0,0,0,0,0,56,4,48,57,24,0,0,20,87,0,1,1,0,,
251,Stanislav Lobotka,MF,sk Slovakia,26,1994,0.5,23,23,0,0,0,3,2,0,0,0,0,0,22,1,0,2,21,0,0,0,22,0,0,1,0,,
252,Manuel Locatelli,MF,it Italy,23,1998,3,139,136,3,1,1,33,4,2,0,0,0,0,108,12,19,26,101,4,2,3,123,2,0,1,0,,
253,Robin Lod,MF,fi Finland,27,1993,3,103,94,9,3,3,28,0,3,1,0,0,0,84,11,8,76,20,3,2,0,83,0,1,5,4,,
254,Dejan Lovren,DF,hr Croatia,31,1989,2,114,110,4,3,0,9,2,0,0,0,0,0,87,7,20,9,95,5,1,0,100,0,2,2,1,,
255,Gergő Lovrencsics,DFMF,hu Hungary,32,1988,1.1,43,31,12,2,0,3,3,2,0,0,0,0,16,8,19,1,29,2,10,0,28,0,2,1,2,,
256,José Luis Gayà,DF,es Spain,25,1995,0.8,50,45,5,1,0,4,2,3,0,0,0,0,42,4,4,43,3,0,4,0,46,0,0,0,0,,
257,Romelu Lukaku,FW,be Belgium,27,1993,4.9,78,70,8,0,0,18,1,3,0,0,0,0,49,16,13,32,30,6,0,3,51,1,0,8,4,,
258,Mikael Lustig,DF,se Sweden,34,1986,3.5,169,145,24,2,0,22,4,6,0,0,0,0,87,35,47,12,125,7,22,0,122,0,6,4,4,,
259,Joakim Mæhle,DF,dk Denmark,23,1997,6.3,334,277,57,7,0,50,3,15,0,0,0,0,220,68,46,42,232,7,50,2,284,1,4,10,13,,
260,Harry Maguire,DF,eng England,27,1993,5.7,367,352,15,14,0,37,12,0,0,0,0,0,295,24,48,45,299,17,1,0,334,1,6,8,1,,
261,Róbert Mak,FW,sk Slovakia,29,1991,2.6,65,58,7,2,0,15,1,1,3,0,3,0,47,8,10,6,57,0,2,0,52,0,0,0,5,,
262,Yevhen Makarenko,MF,ua Ukraine,29,1991,0.6,49,49,0,0,0,6,0,0,0,0,0,0,37,7,5,38,10,0,0,1,46,0,0,1,2,,
263,Donyell Malen,FW,nl Netherlands,22,1999,1.7,55,52,3,1,0,6,1,2,0,0,0,0,47,7,1,5,48,0,1,0,46,0,1,1,3,,
264,Ruslan Malinovskyi,MFFW,ua Ukraine,27,1993,3.2,125,114,11,3,4,22,7,1,8,4,3,0,90,12,23,108,10,2,0,1,100,0,1,5,3,,
265,Marlos,FWMF,ua Ukraine,32,1988,0.8,31,30,1,1,0,8,1,0,0,0,0,0,27,1,3,24,5,1,0,1,25,0,0,1,1,,
266,David Marshall,GK,sct Scotland,35,1985,3,115,81,34,11,0,9,6,0,0,0,0,0,39,1,75,6,90,0,0,12,68,1,4,0,0,,
267,Lukáš Masopust,FW,cz Czech Republic,27,1993,3.5,111,108,3,1,1,24,3,7,1,0,0,0,87,14,10,27,78,3,1,0,88,0,2,5,6,,
268,Mykola Matviyenko,DF,ua Ukraine,24,1996,5.3,379,374,5,5,0,32,11,1,0,0,0,0,327,14,38,316,52,8,0,1,350,1,5,4,1,,
269,Kevin Mbabu,DF,ch Switzerland,25,1995,2.4,100,79,21,2,0,18,3,6,0,0,0,0,55,26,19,14,67,0,19,0,68,1,4,6,7,,
270,Kylian Mbappé,FW,fr France,22,1998,4.3,112,107,5,0,2,22,3,9,4,3,0,0,84,15,13,26,83,0,0,3,88,0,1,1,5,,
271,John McGinn,MF,sct Scotland,26,1994,3,83,81,2,1,0,35,0,1,0,0,0,0,58,10,15,51,21,3,1,1,68,0,1,4,2,,
272,Callum McGregor,MF,sct Scotland,27,1993,2.3,90,87,3,3,0,25,1,0,0,0,0,0,77,7,6,80,9,0,0,0,84,0,1,2,1,,
273,Scott McKenna,DF,sct Scotland,24,1996,0.6,17,17,0,0,0,5,0,0,0,0,0,0,14,0,3,12,4,0,0,0,14,0,1,0,0,,
274,Scott McTominay,DFMF,sct Scotland,24,1996,3,120,111,9,8,0,31,3,2,0,0,0,0,92,14,14,8,105,3,1,0,106,0,0,3,2,,
275,Admir Mehmedi,FWMF,ch Switzerland,29,1991,0.4,25,22,3,0,0,7,1,0,0,0,0,0,17,5,3,3,15,3,3,1,20,0,0,1,2,,
276,Chris Mepham,DF,wls Wales,23,1997,3,87,86,1,1,0,8,1,0,0,0,0,0,66,5,16,4,72,7,0,1,77,0,3,0,0,,
277,Umut Meraş,DF,tr Turkey,25,1995,1.8,72,64,8,0,0,9,0,2,0,0,0,0,39,13,20,57,0,5,8,0,61,0,1,4,1,,
278,Dries Mertens,MF,be Belgium,33,1987,2,48,45,3,0,0,10,0,1,2,0,2,0,32,6,10,4,41,1,1,1,29,0,1,2,2,,
279,Thomas Meunier,DF,be Belgium,29,1991,3.7,221,187,34,2,1,19,8,8,0,0,0,0,119,43,59,16,156,12,32,0,168,0,1,8,3,,
280,Tyrone Mings,DF,eng England,27,1993,2.1,126,123,3,3,0,13,2,0,0,0,0,0,109,5,12,113,12,1,0,0,115,0,1,1,1,,
281,Aleksei Miranchuk,MFFW,ru Russia,25,1995,1.9,59,51,8,1,1,13,3,1,2,1,1,0,42,6,11,43,8,3,2,1,46,2,1,1,1,,
282,Jakub Moder,MF,pl Poland,21,1999,1,23,17,6,4,0,6,3,1,2,1,0,1,12,1,10,3,20,0,0,0,14,0,0,1,1,,
283,Luka Modrić,MF,hr Croatia,35,1985,4.3,291,266,25,14,0,42,23,2,9,2,3,1,203,36,52,21,255,10,1,3,250,4,2,8,8,,
284,Kieffer Moore,FWMF,wls Wales,28,1992,3.2,53,53,0,0,0,23,2,1,0,0,0,0,18,25,10,6,21,9,0,4,32,0,0,1,2,,
285,Álvaro Morata,FW,es Spain,28,1992,5,142,139,3,0,0,36,5,2,0,0,0,0,102,25,15,15,117,4,1,2,118,0,1,3,6,,
286,Gerard Moreno,FW,es Spain,28,1992,3.1,126,126,0,0,1,31,1,10,0,0,0,0,90,19,17,96,23,2,0,1,94,0,1,1,8,,
287,Joe Morrell,MF,wls Wales,24,1997,3.3,121,113,8,6,0,18,4,0,0,0,0,0,86,14,21,12,102,2,1,0,106,0,3,4,0,,
288,Mason Mount,MF,eng England,22,1999,5.1,184,157,27,8,2,28,6,10,12,6,4,1,130,24,30,17,161,4,2,0,149,1,4,5,7,,
289,João Moutinho,MF,pt Portugal,34,1986,1.7,111,100,11,7,0,14,1,2,4,0,2,0,85,11,15,11,97,2,0,0,98,1,2,0,4,,
290,Maksim Mukhin,MF,ru Russia,19,2001,0.6,19,19,0,0,0,5,1,1,0,0,0,0,13,2,4,2,17,0,0,0,13,0,2,0,1,,
291,Mert Müldür,DF,tr Turkey,21,1999,1.2,59,50,9,1,0,6,1,2,1,0,0,0,39,12,8,6,42,3,7,0,46,1,0,4,2,,
292,Thomas Müller,MFFW,de Germany,31,1989,3.2,149,143,6,0,1,33,2,3,0,0,0,0,108,22,19,19,114,6,4,0,113,0,3,8,6,,
293,Jamal Musiala,MFFW,de Germany,17,2003,0.1,6,5,1,0,0,0,0,1,0,0,0,0,5,1,0,0,5,0,1,0,6,0,0,0,0,,
294,Visar Musliu,DF,mk N. Macedonia,26,1994,2.9,110,106,4,3,0,17,3,0,0,0,0,0,88,11,11,23,76,6,1,0,99,0,0,1,1,,
295,Vitaliy Mykolenko,DF,ua Ukraine,21,1999,3.9,212,179,33,1,0,26,4,6,0,0,0,0,142,43,27,163,12,3,32,2,178,0,6,3,4,,
296,Ádám Nagy,MF,hu Hungary,25,1995,3,107,104,3,2,0,19,4,0,0,0,0,0,85,10,12,25,76,5,0,0,90,0,1,3,1,,
297,Loïc Nego,DFMF,hu Hungary,30,1991,2.3,63,48,15,0,0,6,0,0,0,0,0,0,42,14,7,6,38,3,15,1,51,1,0,5,1,,
298,Manuel Neuer,GK,de Germany,34,1986,4,141,125,16,2,0,7,4,0,0,0,0,0,91,12,38,21,95,3,0,19,120,0,2,1,1,,
299,Rúben Neves,MF,pt Portugal,23,1997,0.2,9,9,0,0,0,1,0,0,0,0,0,0,8,1,0,1,8,0,0,0,9,0,0,0,0,,
300,Nemanja Nikolić,FW,hu Hungary,33,1987,0.8,14,13,1,0,0,3,0,0,0,0,0,0,9,5,0,1,9,2,0,1,11,0,0,1,1,,
301,Boban Nikolov,DFMF,mk N. Macedonia,26,1994,1.3,36,28,8,1,0,6,0,0,0,0,0,0,23,10,3,6,22,1,7,0,27,0,1,0,4,,
302,Kevin Nisbet,FW,sct Scotland,23,1997,0.3,7,7,0,0,0,3,0,0,0,0,0,0,3,2,2,0,4,1,0,0,4,0,0,0,1,,
303,Christian Nørgaard,MF,dk Denmark,26,1994,1.8,100,99,1,1,0,12,1,1,0,0,0,0,78,13,9,16,77,5,0,0,90,1,0,5,0,,
304,Stephen O'Donnell,DF,sct Scotland,28,1992,2.8,109,80,29,2,0,16,4,5,0,0,0,0,52,23,34,12,65,2,27,0,74,0,1,11,3,,
305,Daniel O'Shaughnessy,DF,fi Finland,26,1994,3,151,121,30,7,0,17,8,7,0,0,0,0,90,16,45,102,24,3,17,0,115,0,3,5,1,,
306,Sérgio Oliveira,MF,pt Portugal,28,1992,0.2,25,23,2,1,0,2,2,0,0,0,0,0,13,4,8,3,20,1,1,0,18,0,1,2,3,,
307,Dani Olmo,FW,es Spain,22,1998,4.2,198,178,20,3,1,25,6,15,13,4,3,0,150,18,30,38,150,4,2,1,144,1,1,15,7,,
308,Robin Olsen,GK,se Sweden,31,1990,4.3,124,70,54,16,0,4,2,0,0,0,0,0,37,2,85,10,89,0,0,10,54,2,4,0,0,,
309,Kristoffer Olsson,MF,se Sweden,25,1995,3.7,152,152,0,0,0,16,5,2,0,0,0,0,106,18,28,22,117,11,0,1,134,0,1,0,0,,
310,Karim Onisiwo,FW,at Austria,28,1992,0.1,1,1,0,0,0,0,0,0,0,0,0,0,1,0,0,0,1,0,0,0,1,0,0,0,0,,
311,Willi Orban,DF,hu Hungary,28,1992,3,88,79,9,9,0,13,3,0,0,0,0,0,68,4,16,9,75,2,0,0,75,0,1,1,1,,
312,Mislav Oršić,FW,hr Croatia,28,1992,0.6,15,15,0,0,0,2,0,3,0,0,0,0,8,4,3,2,13,0,0,0,8,0,0,0,3,,
313,Mikel Oyarzabal,FW,es Spain,23,1997,1.9,98,88,10,1,0,9,4,4,6,3,3,0,72,14,12,85,7,2,3,1,82,0,1,3,6,,
314,Magomed Ozdoyev,MF,ru Russia,28,1992,2.3,97,93,4,1,0,14,5,7,0,0,0,0,64,13,20,12,72,8,3,2,74,1,1,1,3,,
315,João Palhinha,MF,pt Portugal,25,1995,1.4,55,54,1,1,0,5,5,0,0,0,0,0,42,3,10,4,48,3,0,0,49,0,2,0,1,,
316,Emerson Palmieri,DF,it Italy,26,1994,3.2,153,120,33,3,0,15,0,1,0,0,0,0,101,35,17,111,8,4,30,0,134,1,2,2,2,,
317,Goran Pandev,FW,mk N. Macedonia,37,1983,2.8,62,54,8,0,0,26,3,0,0,0,0,0,48,12,2,39,20,1,0,0,43,1,1,5,5,,
318,Mario Pašalić,FWMF,hr Croatia,25,1995,0.5,25,24,1,0,0,5,1,0,1,0,0,0,17,5,3,7,15,1,0,1,24,0,0,0,0,,
319,Rui Patrício,GK,pt Portugal,32,1988,4,102,74,28,5,0,2,1,0,0,0,0,0,70,2,30,51,32,0,0,19,83,0,2,0,0,,
320,Nathan Patterson,DF,sct Scotland,19,2001,0.1,11,8,3,0,0,1,0,0,0,0,0,0,8,2,1,1,7,0,3,0,9,0,0,1,0,,
321,Benjamin Pavard,DF,fr France,24,1996,3.3,198,172,26,2,0,9,0,4,0,0,0,0,144,31,23,10,150,13,24,0,170,1,1,8,3,,
322,Pedri,MF,es Spain,18,2002,7,467,449,18,4,4,70,18,3,1,0,0,0,377,41,49,55,398,9,3,0,429,2,1,7,6,,
323,Peter Pekarík,DF,sk Slovakia,34,1986,2.6,156,128,28,4,0,11,1,2,0,0,0,0,102,36,18,10,116,6,24,0,136,0,2,5,4,,
324,Tomáš Pekhart,FW,cz Czech Republic,31,1989,0.2,4,4,0,0,0,2,0,0,0,0,0,0,0,2,2,0,2,1,0,1,1,0,0,1,0,,
325,Pepe,DF,pt Portugal,37,1983,4,277,265,12,10,1,20,16,1,0,0,0,0,224,18,35,44,226,4,2,0,248,3,3,3,2,,
326,Danilo Pereira,MF,pt Portugal,29,1991,2.6,130,126,4,4,0,23,8,0,0,0,0,0,104,13,13,4,122,3,0,0,121,0,1,2,1,,
327,Ivan Perišić,FW,hr Croatia,31,1989,2.9,99,95,4,0,0,23,4,10,0,0,0,0,53,16,30,27,50,9,4,2,71,1,2,5,4,,
328,Matteo Pessina,MF,it Italy,23,1997,2.1,56,56,0,0,0,16,0,0,0,0,0,0,44,7,5,49,4,1,0,0,43,0,1,6,0,,
329,Bruno Petković,FW,hr Croatia,26,1994,1.9,53,51,2,0,0,21,0,0,0,0,0,0,37,13,3,14,32,0,0,2,38,1,0,3,2,,
330,Kalvin Phillips,MF,eng England,25,1995,7.4,340,331,9,6,1,47,10,4,2,0,2,0,264,35,41,43,281,8,0,1,295,1,7,6,6,,
331,Jordan Pickford,GK,eng England,26,1994,7.7,257,188,69,22,0,23,13,0,0,0,0,0,117,11,129,176,30,0,0,42,166,1,12,3,0,,
332,Przemysław Płacheta,MF,pl Poland,22,1998,0.1,12,12,0,0,0,3,0,4,0,0,0,0,3,4,5,11,1,0,0,0,5,0,0,1,3,,
333,Paul Pogba,MF,fr France,27,1993,4.2,286,276,10,10,5,40,12,2,0,0,0,0,230,18,38,21,249,8,0,1,245,4,5,4,6,,
334,Joel Pohjanpalo,FW,fi Finland,26,1994,2.7,51,51,0,0,0,22,1,0,0,0,0,0,25,16,10,12,25,4,0,4,32,1,2,2,4,,
335,Yussuf Poulsen,FW,dk Denmark,26,1994,3.3,98,96,2,1,0,35,2,5,0,0,0,0,50,19,29,6,72,8,0,1,66,0,5,2,6,,
336,Dennis Praet,DFMF,be Belgium,26,1994,0.3,9,8,1,0,0,0,0,0,0,0,0,0,4,4,1,0,4,4,1,0,8,0,0,0,0,,
337,Quincy Promes,FWDF,nl Netherlands,29,1992,0.7,41,40,1,0,0,6,1,3,0,0,0,0,27,6,8,6,31,1,1,0,31,0,0,1,2,,
338,Tymoteusz Puchacz,DF,pl Poland,22,1999,1.7,58,45,13,1,0,10,3,5,0,0,0,0,23,17,18,42,1,0,12,1,32,1,2,4,9,,
339,Teemu Pukki,FW,fi Finland,30,1990,2.6,41,38,3,0,0,14,0,2,0,0,0,0,29,6,6,5,33,2,0,0,30,0,1,2,2,,
340,Robin Quaison,FW,se Sweden,27,1993,1.4,15,15,0,0,0,5,0,0,0,0,0,0,6,4,5,1,8,4,0,1,8,0,0,0,2,,
341,Adrien Rabiot,DFMF,fr France,25,1995,3.4,202,185,17,3,0,41,2,4,0,0,0,0,157,28,17,146,35,3,14,1,176,0,1,7,5,,
342,Jukka Raitala,DF,fi Finland,32,1988,2.8,90,81,9,2,0,11,2,7,0,0,0,0,53,15,22,52,30,0,7,0,64,1,2,2,2,,
343,Aaron Ramsey,MFFW,wls Wales,30,1990,3.9,154,132,22,10,0,29,11,6,2,2,0,0,85,33,36,27,116,6,2,0,118,0,3,5,5,,
344,Marcus Rashford,FW,eng England,23,1997,1,39,38,1,0,0,7,1,2,0,0,0,0,34,1,4,5,31,0,1,1,32,0,1,0,1,,
345,Giacomo Raspadori,FW,it Italy,20,2000,0.2,6,4,2,0,0,0,1,0,2,0,1,0,4,0,2,2,3,1,0,0,4,0,0,0,1,,
346,Ante Rebić,FW,hr Croatia,27,1993,2.2,43,41,2,0,0,15,0,0,0,0,0,0,26,10,7,11,26,4,0,1,23,0,2,2,5,,
347,Declan Rice,MF,eng England,22,1999,5.9,316,309,7,6,0,29,6,0,0,0,0,0,278,15,23,48,251,14,1,0,293,0,2,3,0,,
348,Kire Ristevski,MF,mk N. Macedonia,30,1990,0.1,8,8,0,0,0,2,0,0,0,0,0,0,7,0,1,5,3,0,0,0,7,0,0,0,1,,
349,Milan Ristovski,FW,mk N. Macedonia,22,1998,0.1,0,0,0,0,0,0,0,0,0,0,0,0,0,0,0,0,0,0,0,0,0,0,0,0,0,,
350,Stefan Ristovski,DF,mk N. Macedonia,28,1992,3,162,144,18,3,0,26,6,4,0,0,0,0,112,24,26,5,138,3,15,0,125,0,2,6,6,,
351,Connor Roberts,DF,wls Wales,25,1995,3.4,120,98,22,2,0,17,3,4,0,0,0,0,74,14,32,5,89,5,20,0,97,0,2,1,2,,
352,Tyler Roberts,FW,wls Wales,22,1999,0.1,5,4,1,0,0,0,0,0,0,0,0,0,5,0,0,1,4,0,0,0,5,0,0,0,0,,
353,Andrew Robertson,DF,sct Scotland,26,1994,3,164,128,36,3,0,24,11,15,14,10,3,0,84,27,53,134,9,1,19,1,118,0,2,5,4,,
354,Joe Rodon,DF,wls Wales,23,1997,4,117,114,3,2,1,11,3,1,0,0,0,0,82,11,24,4,97,11,1,0,102,0,4,2,1,,
355,Rodri,MF,es Spain,24,1996,2.5,194,191,3,3,0,34,8,0,0,0,0,0,154,19,21,30,147,10,0,1,181,0,1,4,2,,
356,Ricardo Rodríguez,DF,ch Switzerland,28,1992,5.3,280,227,53,4,0,36,22,10,16,1,14,0,165,32,83,165,71,9,33,0,225,1,1,6,3,,
357,Cristiano Ronaldo,FW,pt Portugal,35,1985,4,130,118,12,0,0,41,2,1,0,0,0,0,105,13,12,13,105,2,3,0,109,1,0,9,3,,
358,Marten de Roon,MF,nl Netherlands,29,1991,2.6,153,151,2,1,0,21,6,2,0,0,0,0,113,22,18,16,120,12,1,0,127,1,4,4,2,,
359,Antonio Rüdiger,DF,de Germany,27,1993,4,294,288,6,4,0,21,4,0,0,0,0,0,266,7,21,59,228,2,2,0,276,0,1,2,2,,
360,Fabián Ruiz Peña,MF,es Spain,24,1996,0.8,64,62,2,1,0,8,1,2,0,0,0,0,56,4,4,57,4,1,0,1,56,0,0,2,1,,
361,Maciej Rybus,DF,pl Poland,31,1989,0.8,45,37,8,3,0,4,1,6,0,0,0,0,26,8,11,30,9,0,5,0,36,0,1,1,0,,
362,Marcel Sabitzer,MF,at Austria,26,1994,4.3,240,227,13,6,2,38,7,7,0,0,0,0,170,33,37,34,194,4,5,2,205,2,5,5,4,,
363,Michal Sadílek,MF,cz Czech Republic,21,1999,0,1,1,0,0,0,0,0,0,0,0,0,0,1,0,0,1,0,0,0,0,1,0,0,0,0,,
364,Matvei Safonov,GK,ru Russia,21,1999,2,52,32,20,7,0,1,3,0,0,0,0,0,16,4,32,2,37,0,0,11,37,0,0,2,0,,
365,Bukayo Saka,FW,eng England,19,2001,3,90,84,6,5,0,14,1,6,0,0,0,0,72,5,13,59,29,0,0,1,69,2,2,3,3,,
366,Roland Sallai,FW,hu Hungary,23,1997,2.7,48,42,6,4,1,14,0,4,0,0,0,0,31,10,7,8,36,0,0,0,33,0,2,0,6,,
367,Renato Sanches,MF,pt Portugal,23,1997,2.4,194,189,5,5,1,26,6,4,0,0,0,0,168,7,19,27,164,2,0,0,178,0,0,3,5,,
368,Jadon Sancho,FW,eng England,20,2000,1.1,49,47,2,0,0,10,1,1,0,0,0,0,39,7,3,9,35,2,2,0,45,0,0,2,0,,
369,Leroy Sané,FWDF,de Germany,25,1996,1.3,64,62,2,0,0,8,1,6,1,1,0,0,51,5,8,50,11,1,1,0,52,0,3,1,4,,
370,Pablo Sarabia,FW,es Spain,28,1992,2.8,152,137,15,6,0,15,2,14,7,2,2,0,106,17,29,125,23,0,2,1,116,0,0,10,3,,
371,Ľubomír Šatka,DF,sk Slovakia,25,1995,3,189,185,4,3,0,15,3,0,0,0,0,0,168,7,14,40,141,2,1,1,180,0,0,1,0,,
372,András Schäfer,MF,hu Hungary,21,1999,2.5,68,65,3,2,0,15,0,0,0,0,0,0,54,8,6,9,51,5,1,0,60,0,0,2,1,,
373,Fabian Schär,DFMF,ch Switzerland,29,1991,2.1,128,123,5,2,0,18,8,0,0,0,0,0,94,5,29,19,101,5,3,0,111,1,2,1,2,,
374,Louis Schaub,MF,at Austria,26,1994,0.2,6,5,1,0,0,1,0,0,1,1,0,0,4,1,1,6,0,0,0,0,5,0,0,1,0,,
375,Patrik Schick,FW,cz Czech Republic,25,1996,4.4,100,91,9,0,0,33,1,0,0,0,0,0,63,24,13,66,13,7,1,4,72,1,2,10,5,,
376,Xaver Schlager,MF,at Austria,23,1997,4.1,156,153,3,3,0,40,2,0,0,0,0,0,118,12,26,95,52,8,0,0,127,1,6,3,6,,
377,Kasper Schmeichel,GK,dk Denmark,34,1986,6.3,157,112,45,12,0,4,15,0,0,0,0,0,45,6,106,2,120,0,0,18,106,0,3,3,1,,
378,Szabolcs Schön,FW,hu Hungary,20,2000,0.3,6,4,2,0,0,0,0,0,0,0,0,0,4,2,0,4,1,0,0,1,5,0,0,0,0,,
379,Alessandro Schöpf,FW,at Austria,26,1994,1,44,43,1,0,0,9,0,2,0,0,0,0,37,5,2,12,29,1,1,0,38,0,0,1,2,,
380,Rasmus Schüller,MF,fi Finland,29,1991,1.3,52,51,1,1,0,12,1,0,0,0,0,0,35,8,9,28,19,4,0,0,41,0,0,1,0,,
381,Haris Seferović,FW,ch Switzerland,28,1992,4.2,93,89,4,0,1,33,1,4,0,0,0,0,65,12,16,60,20,4,0,5,67,0,3,3,1,,
382,Nélson Semedo,DF,pt Portugal,27,1993,2.9,169,150,19,1,0,21,1,5,0,0,0,0,124,27,18,25,123,1,18,0,141,0,0,3,8,,
383,Andrei Semyonov,DF,ru Russia,31,1989,1,54,54,0,0,0,0,1,0,0,0,0,0,35,2,17,6,41,7,0,0,44,0,3,0,0,,
384,Petr Ševčík,FWMF,cz Czech Republic,26,1994,2.5,108,102,6,1,0,19,6,5,3,2,0,1,70,16,22,13,84,6,2,1,82,0,2,5,6,,
385,Mykola Shaparenko,MF,ua Ukraine,22,1998,3.6,224,216,8,4,0,40,8,4,3,1,1,0,188,15,21,25,192,4,1,1,202,1,4,3,2,,
386,Xherdan Shaqiri,MF,ch Switzerland,29,1991,4.1,166,137,29,5,0,31,16,8,17,13,3,0,107,15,44,127,37,1,0,0,120,1,3,7,2,,
387,Luke Shaw,DF,eng England,25,1995,6.4,398,328,70,15,2,49,7,19,5,0,5,0,267,71,60,319,16,6,50,0,329,0,4,15,14,,
388,Anton Shunin,GK,ru Russia,34,1987,1,28,22,6,0,0,0,0,0,0,0,0,0,7,0,21,23,3,0,0,2,16,0,0,1,0,,
389,Dávid Sigér,MF,hu Hungary,30,1990,0.1,5,5,0,0,0,0,0,0,0,0,0,0,4,0,1,2,2,1,0,0,3,0,0,1,0,,
390,André Silva,FW,pt Portugal,25,1995,0.4,12,12,0,0,0,4,0,1,0,0,0,0,10,1,1,1,10,1,0,0,10,0,0,0,0,,
391,Bernardo Silva,FWMF,pt Portugal,26,1994,2.7,110,100,10,2,0,25,4,6,4,0,0,0,88,13,9,95,8,2,4,0,91,0,3,5,4,,
392,Rafa Silva,FWMF,pt Portugal,27,1993,0.6,33,33,0,0,1,3,0,0,0,0,0,0,31,2,0,1,32,0,0,0,29,0,0,1,3,,
393,Unai Simón,GK,es Spain,23,1997,7,225,191,34,8,0,15,9,0,0,0,0,0,180,9,36,27,162,0,1,35,208,0,3,0,0,,
394,Salvatore Sirigu,GK,it Italy,34,1987,0,1,1,0,0,0,0,0,0,0,0,0,0,1,0,0,0,1,0,0,0,1,0,0,0,0,,
395,Moussa Sissoko,MF,fr France,31,1989,0.4,19,17,2,1,0,2,1,2,0,0,0,0,14,2,3,2,14,1,1,0,15,0,0,2,0,,
396,Andreas Skov Olsen,FWMF,dk Denmark,21,1999,0.4,19,19,0,0,0,5,0,1,0,0,0,0,16,0,3,11,7,1,0,0,17,0,0,0,0,,
397,Milan Škriniar,DF,sk Slovakia,25,1995,3,165,160,5,5,0,13,9,0,0,0,0,0,143,8,14,23,135,4,0,0,150,0,5,1,0,,
398,Eduard Sobol,MF,ua Ukraine,25,1995,0,0,0,0,0,0,0,0,0,0,0,0,0,0,0,0,0,0,0,0,0,0,0,0,0,0,,
399,Aleksandr Sobolev,FW,ru Russia,23,1997,0.4,14,12,2,0,0,7,0,0,0,0,0,0,11,3,0,2,9,0,0,1,11,0,0,0,0,,
400,Pyry Soiri,DF,fi Finland,26,1994,0.2,12,12,0,0,0,3,0,0,0,0,0,0,12,0,0,2,10,0,0,0,11,0,0,0,1,,
401,Yann Sommer,GK,ch Switzerland,32,1988,5.7,177,113,64,11,0,13,5,0,0,0,0,0,94,9,74,19,129,1,0,18,137,0,2,0,0,,
402,Tomáš Souček,MF,cz Czech Republic,25,1995,5,219,210,9,8,0,51,11,1,0,0,0,0,150,25,44,36,159,10,1,4,175,1,5,12,5,,
403,Djibril Sow,MF,ch Switzerland,23,1997,0.5,14,13,1,1,0,4,0,1,0,0,0,0,11,2,1,3,11,0,0,0,7,0,0,1,2,,
404,Çağlar Söyüncü,DF,tr Turkey,24,1996,3,175,170,5,5,0,19,12,1,0,0,0,0,138,10,27,45,124,4,0,0,162,1,4,2,2,,
405,Tim Sparv,MF,fi Finland,33,1987,1.5,68,66,2,2,0,16,0,0,0,0,0,0,56,7,5,48,15,4,0,0,60,0,1,1,2,,
406,Leonardo Spinazzola,DF,it Italy,27,1993,4.2,216,180,36,3,0,35,3,9,0,0,0,0,142,44,30,59,117,5,33,2,187,0,1,8,8,,
407,Stefan Spirovski,MF,mk N. Macedonia,30,1990,0.5,13,12,1,1,0,3,0,0,0,0,0,0,11,2,0,1,12,0,0,0,11,0,0,1,1,,
408,Maarten Stekelenburg,GK,nl Netherlands,38,1982,4,141,110,31,5,0,3,2,0,0,0,0,0,60,8,73,6,117,0,0,14,94,1,4,0,1,,
409,Taras Stepanenko,MF,ua Ukraine,31,1989,2,98,97,1,1,0,10,0,0,0,0,0,0,78,9,11,69,23,3,0,2,79,1,2,0,3,,
410,Raheem Sterling,FWMF,eng England,26,1994,7.1,202,197,5,0,1,51,1,7,0,0,0,0,175,15,12,16,178,2,4,1,168,1,0,7,8,,
411,Vlatko Stojanovski,MFFW,mk N. Macedonia,23,1997,0.1,2,2,0,0,0,1,0,0,0,0,0,0,2,0,0,1,1,0,0,0,2,0,0,0,0,,
412,John Stones,DF,eng England,26,1994,7.5,469,463,6,6,0,43,9,0,0,0,0,0,417,21,31,61,390,10,0,0,444,0,5,4,2,,
413,Jens Stryger Larsen,DF,dk Denmark,29,1991,3.2,189,139,50,7,1,18,13,12,17,6,8,2,88,38,63,15,135,9,26,0,135,1,1,6,2,,
414,Niklas Süle,DFMF,de Germany,25,1995,0.2,7,7,0,0,0,1,0,0,0,0,0,0,7,0,0,1,6,0,0,0,7,0,0,0,0,,
415,Tomáš Suslov,FW,sk Slovakia,18,2002,0.3,5,5,0,0,0,0,0,0,0,0,0,0,5,0,0,5,0,0,0,0,5,0,0,0,0,,
416,Gustav Svensson,MF,se Sweden,33,1987,0,0,0,0,0,0,0,0,0,0,0,0,0,0,0,0,0,0,0,0,0,0,0,0,0,0,,
417,Karol Świderski,FWMF,pl Poland,24,1997,1.8,32,31,1,0,0,9,1,2,0,0,0,0,16,8,8,22,4,2,0,0,19,0,0,2,0,,
418,Jakub Świerczok,FW,pl Poland,28,1992,0.3,6,6,0,0,0,2,1,0,0,0,0,0,3,1,2,2,2,0,0,2,6,0,0,0,0,,
419,Serhiy Sydorchuk,MF,ua Ukraine,29,1991,4.1,191,190,1,1,0,28,3,1,0,0,0,0,168,8,15,13,176,1,0,1,166,0,3,3,8,,
420,Ádám Szalai,FW,hu Hungary,33,1987,2.2,31,31,0,0,1,8,1,0,0,0,0,0,17,6,8,7,19,3,0,1,18,0,1,5,5,,
421,Attila Szalai,DF,hu Hungary,23,1998,3,129,121,8,5,0,14,9,0,0,0,0,0,78,14,37,109,14,5,0,0,99,0,6,3,2,,
422,Wojciech Szczęsny,GK,pl Poland,30,1990,3,66,41,25,9,0,3,4,0,0,0,0,0,20,2,44,4,53,0,0,7,39,0,1,0,0,,
423,Marcus Thuram,MF,fr France,23,1997,0.1,3,3,0,0,0,0,0,2,0,0,0,0,2,1,0,2,1,0,0,0,2,0,0,0,0,,
424,Youri Tielemans,MF,be Belgium,23,1997,3.8,214,210,4,4,0,19,4,2,0,0,0,0,184,12,18,50,154,8,0,0,183,0,6,9,5,,
425,Kieran Tierney,DF,sct Scotland,23,1997,2,88,82,6,4,0,8,6,3,0,0,0,0,58,7,23,71,9,5,2,0,70,0,4,2,0,,
426,Jurrien Timber,DF,nl Netherlands,19,2001,1.6,109,104,5,2,0,7,1,0,0,0,0,0,95,8,6,12,93,0,3,0,103,0,1,2,1,,
427,Joona Toivio,DF,fi Finland,32,1988,2.9,112,103,9,4,0,10,2,1,0,0,0,0,76,9,27,25,80,2,4,0,90,0,2,2,1,,
428,Dorukhan Toköz,MF,tr Turkey,24,1996,0.1,4,3,1,1,0,1,0,0,0,0,0,0,3,1,0,0,4,0,0,0,3,0,0,1,0,,
429,Corentin Tolisso,FWMF,fr France,26,1994,0.9,61,59,2,2,0,6,3,0,0,0,0,0,51,4,6,6,53,0,0,2,59,0,1,0,0,,
430,Rafael Tolói,DF,it Italy,30,1990,1.8,94,76,18,2,0,10,0,2,0,0,0,0,63,22,9,2,73,2,16,0,78,0,4,2,2,,
431,Ferrán Torres,FW,es Spain,20,2000,4.1,151,150,1,0,0,31,3,13,0,0,0,0,115,19,17,7,139,2,1,1,118,1,4,4,4,,
432,Pau Torres,DF,es Spain,24,1997,4.2,432,416,16,15,1,24,14,0,0,0,0,0,375,20,37,331,82,11,1,0,407,0,2,10,0,,
433,Aleksandar Trajkovski,FW,mk N. Macedonia,28,1992,1.9,63,59,4,0,0,19,3,3,2,0,0,0,51,6,6,7,51,1,1,2,53,0,1,2,3,,
434,Adama Traoré,DFFW,es Spain,25,1996,0.2,16,15,1,0,0,3,2,2,0,0,0,0,13,1,2,0,15,0,1,0,14,0,0,0,1,,
435,Ivan Tričkovski,FWDF,mk N. Macedonia,33,1987,0.8,17,17,0,0,0,2,1,0,0,0,0,0,15,1,1,5,11,1,0,0,14,0,0,3,0,,
436,Christopher Trimmel,DF,at Austria,33,1987,0.1,1,1,0,0,0,0,0,0,0,0,0,0,0,0,1,0,0,1,0,0,1,0,0,0,0,,
437,Kieran Trippier,DF,eng England,30,1990,3.2,193,153,40,9,0,14,8,7,8,5,2,0,106,34,53,13,147,10,23,0,146,3,8,3,3,,
438,Leandro Trossard,DF,be Belgium,26,1994,0.8,55,46,9,1,0,10,3,2,0,0,0,0,35,15,5,6,41,0,8,0,47,0,1,1,2,,
439,Viktor Tsyhankov,FW,ua Ukraine,23,1997,1.6,76,73,3,1,0,14,1,3,0,0,0,0,66,5,5,61,11,1,2,0,58,1,1,5,3,,
440,Ozan Tufan,MF,tr Turkey,25,1995,1.9,80,80,0,0,0,20,1,0,0,0,0,0,65,10,5,5,70,1,0,1,73,0,0,4,0,,
441,Andreas Ulmer,DF,at Austria,35,1985,2,85,75,10,0,0,23,3,3,1,0,1,0,59,13,13,54,18,4,9,0,64,0,2,3,3,,
442,Cengiz Ünder,MF,tr Turkey,23,1997,2.3,71,66,5,0,0,20,10,6,5,0,5,0,42,10,19,47,22,1,0,1,55,0,0,4,3,,
443,Jere Uronen,DF,fi Finland,26,1994,2.8,103,93,10,0,0,24,2,5,0,0,0,0,75,13,15,77,13,3,10,0,82,0,4,1,2,,
444,Tomáš Vaclík,GK,cz Czech Republic,31,1989,5,152,112,40,12,0,15,2,0,0,0,0,0,61,2,89,13,107,0,0,20,89,0,3,3,1,,
445,Leo Väisänen,DF,fi Finland,23,1997,0,1,0,1,0,0,0,0,0,0,0,0,0,0,0,1,0,0,0,1,0,0,0,0,0,0,,
446,Hans Vanaken,MF,be Belgium,28,1992,0,2,2,0,0,0,1,0,0,0,0,0,0,1,1,0,0,1,1,0,0,2,0,0,0,0,,
447,Raphaël Varane,DF,fr France,27,1993,4.3,278,270,8,7,0,9,6,0,0,0,0,0,235,17,26,136,130,8,1,1,261,0,6,1,1,,
448,Kevin Varga,FWDF,hu Hungary,24,1996,0.1,8,5,3,0,0,2,0,0,0,0,0,0,6,2,0,1,5,0,2,0,7,0,0,0,0,,
449,Roland Varga,MF,hu Hungary,31,1990,0,3,2,1,1,0,1,0,1,0,0,0,0,1,0,2,0,3,0,0,0,1,0,0,0,0,,
450,Ruben Vargas,FWMF,ch Switzerland,22,1998,1.9,59,55,4,0,0,9,0,2,2,1,1,0,42,6,11,6,48,4,1,0,45,0,0,1,1,,
451,Darko Velkovski,DF,mk N. Macedonia,25,1995,2.9,118,110,8,7,0,15,7,0,0,0,0,0,78,17,23,15,97,2,1,1,101,0,4,1,2,,
452,Joël Veltman,DF,nl Netherlands,29,1992,0,8,8,0,0,0,0,0,0,0,0,0,0,5,1,2,1,6,1,0,0,7,0,0,0,0,,
453,Thomas Vermaelen,DF,be Belgium,35,1985,3.2,181,176,5,2,0,13,2,0,0,0,0,0,157,13,11,156,9,5,2,1,172,0,1,0,2,,
454,Marco Verratti,MF,it Italy,28,1992,4.4,425,401,24,11,2,59,3,3,5,4,1,0,356,47,22,33,370,9,8,4,398,0,1,6,4,,
455,Jan Vertonghen,DF,be Belgium,33,1987,3.8,309,301,8,5,0,26,5,0,0,0,0,0,257,16,36,224,69,7,3,0,282,0,3,5,3,,
456,Jannik Vestergaard,DF,dk Denmark,28,1992,5.4,252,248,4,4,0,39,7,1,0,0,0,0,191,22,39,50,179,10,0,1,221,0,2,2,2,,
457,Domagoj Vida,DF,hr Croatia,31,1989,4.3,175,171,4,3,0,12,1,0,0,0,0,0,143,20,12,48,113,11,1,0,164,0,1,1,2,,
458,Nikola Vlašić,FWMF,hr Croatia,23,1997,2.3,56,56,0,0,1,14,0,2,0,0,0,0,49,1,6,17,37,0,0,0,48,0,1,1,0,,
459,Kevin Volland,FWDF,de Germany,28,1992,0.1,10,9,1,0,0,5,1,0,0,0,0,0,4,5,1,3,3,1,1,0,8,0,2,0,0,,
460,Stefan de Vrij,DF,nl Netherlands,28,1992,3.5,178,172,6,4,0,7,6,0,0,0,0,0,139,17,22,19,144,13,2,0,165,0,0,2,1,,
461,Šime Vrsaljko,DF,hr Croatia,29,1992,2,118,96,22,1,0,15,4,7,0,0,0,0,55,27,36,7,81,4,21,1,90,0,2,5,4,,
462,Matěj Vydra,FW,cz Czech Republic,28,1992,0.4,12,12,0,0,0,4,0,0,0,0,0,0,7,3,2,2,8,1,0,0,8,0,0,2,0,,
463,Kyle Walker,DF,eng England,30,1990,6.7,400,355,45,3,2,41,7,2,0,0,0,0,274,66,60,3,332,14,42,6,346,2,8,10,7,,
464,Danny Ward,GK,wls Wales,27,1993,4,125,66,59,21,0,1,2,0,0,0,0,0,40,7,78,3,94,0,0,17,78,1,6,2,0,,
465,Daniel Wass,DF,dk Denmark,31,1989,3,210,164,46,8,0,33,6,7,7,1,4,1,116,45,49,9,163,4,31,0,168,0,1,5,3,,
466,Wout Weghorst,FW,nl Netherlands,28,1992,2.1,53,53,0,0,0,16,0,1,0,0,0,0,31,12,10,5,36,5,0,0,36,0,0,3,1,,
467,Vladimír Weiss,FW,sk Slovakia,31,1989,0.4,22,22,0,0,0,1,0,1,0,0,0,0,19,1,2,0,22,0,0,0,18,1,0,1,0,,
468,Timo Werner,FW,de Germany,24,1996,1.2,34,30,4,0,0,5,0,3,0,0,0,0,24,7,3,5,24,1,3,1,26,0,1,1,1,,
469,Silvan Widmer,DF,ch Switzerland,27,1993,3.3,158,141,17,0,0,24,0,0,0,0,0,0,111,17,30,24,107,6,17,1,128,0,5,5,4,,
470,Georginio Wijnaldum,MF,nl Netherlands,30,1990,4,125,117,8,4,0,20,0,1,1,0,1,0,98,12,15,6,110,3,3,0,108,1,2,2,1,,
471,Owen Wijndal,DF,nl Netherlands,21,1999,0.6,26,22,4,0,0,3,1,0,0,0,0,0,17,4,5,20,0,1,4,0,20,0,1,0,1,,
472,Neco Williams,DF,wls Wales,19,2001,1.5,74,64,10,1,0,15,4,5,0,0,0,0,47,15,12,3,60,2,9,0,61,0,1,1,2,,
473,Harry Wilson,MFFW,wls Wales,23,1997,0.6,17,15,2,0,0,3,1,0,2,0,0,0,14,2,1,14,3,0,0,0,15,0,0,0,0,,
474,Jonas Wind,FW,dk Denmark,21,1999,0.9,18,16,2,0,0,8,2,1,0,0,0,0,13,1,4,1,16,0,0,0,17,0,0,0,0,,
475,Axel Witsel,MF,be Belgium,32,1989,3.4,209,203,6,6,0,21,8,2,0,0,0,0,182,15,12,9,193,3,0,1,200,0,1,1,2,,
476,Granit Xhaka,MF,ch Switzerland,28,1992,4.3,315,305,10,10,1,59,9,2,0,0,0,0,253,27,35,260,40,10,0,0,285,2,1,6,6,,
477,Roman Yaremchuk,FW,ua Ukraine,25,1995,4.8,115,101,14,0,0,36,1,2,0,0,0,0,97,14,4,16,92,1,0,2,97,0,3,6,2,,
478,Andriy Yarmolenko,FW,ua Ukraine,31,1989,4.9,162,160,2,1,1,42,3,10,0,0,0,0,118,27,17,104,47,2,1,3,118,0,2,5,12,,
479,Yusuf Yazıcı,MFFW,tr Turkey,24,1997,1.3,60,54,6,2,0,13,1,3,4,2,2,0,44,10,6,49,11,0,0,0,54,0,1,1,1,,
480,Burak Yılmaz,FW,tr Turkey,35,1985,3,60,49,11,0,0,15,0,3,0,0,0,0,36,16,8,4,43,5,0,4,44,0,1,2,1,,
481,Okay Yokuşlu,MF,tr Turkey,26,1994,1.5,70,67,3,3,0,11,5,0,0,0,0,0,61,5,4,7,60,3,0,0,63,0,0,3,0,,
482,Illia Zabarnyi,DF,ua Ukraine,18,2002,5.3,314,303,11,10,0,22,5,0,0,0,0,0,268,12,34,47,255,10,1,0,289,0,2,3,2,,
483,Denis Zakaria,MF,ch Switzerland,24,1996,1.4,28,27,1,1,0,4,0,1,0,0,0,0,22,2,4,2,25,1,0,0,22,1,0,0,0,,
484,Rifat Zhemaletdinov,MF,ru Russia,24,1996,0.7,19,19,0,0,0,4,0,0,0,0,0,0,17,2,0,2,17,0,0,0,15,0,2,0,0,,
485,Yuri Zhirkov,DF,ru Russia,37,1983,0.5,18,17,1,1,0,2,0,1,0,0,0,0,15,0,3,16,2,0,0,0,14,0,0,0,0,,
486,Piotr Zieliński,MFFW,pl Poland,26,1994,2.9,135,106,29,8,0,27,5,5,14,8,3,0,81,20,34,24,103,4,2,0,100,1,2,2,5,,
487,Oleksandr Zinchenko,MFDF,ua Ukraine,24,1996,5.3,292,268,24,3,0,54,5,9,4,1,2,0,223,38,31,248,16,6,16,1,242,2,7,11,7,,
488,Roman Zobnin,MFFW,ru Russia,26,1994,2.7,110,109,1,1,0,21,4,0,0,0,0,0,80,11,19,13,90,6,0,0,85,0,4,3,2,,
489,Steven Zuber,DFFW,ch Switzerland,29,1991,3.2,125,118,7,1,1,31,2,11,1,0,1,0,94,21,10,36,82,2,5,0,97,0,0,3,6,,
490,Oleksandr Zubkov,FW,ua Ukraine,24,1996,0.1,4,4,0,0,0,3,0,0,0,0,0,0,3,0,1,4,0,0,0,0,4,0,0,0,0,,
