Rk,Player,Nation,Pos,Squad,Age,Born,MP,Starts,Min,90s,Gls,Ast,G-PK,PK,PKatt,CrdY,CrdR,Gls,Ast,G+A,G-PK,G+A-PK,xG,npxG,xA,npxG+xA,xG,xA,xG+xA,npxG,npxG+xA,Matches,-9999
1,Luis Abram,pe PER,DF,Granada,25,1996,8,6,560,6.2,0,0,0,0,0,2,0,0.00,0.00,0.00,0.00,0.00,0.5,0.5,0.0,0.5,0.08,0.00,0.08,0.08,0.08,Matches,1f462f95
2,Marcos Acuña,ar ARG,DF,Sevilla,29,1991,31,26,2260,25.1,1,3,1,0,0,10,0,0.04,0.12,0.16,0.04,0.16,1.4,1.4,3.0,4.4,0.06,0.12,0.18,0.06,0.18,Matches,81442ecb
3,Martin Agirregabiria,es ESP,DF,Alavés,25,1996,24,17,1616,18.0,0,1,0,0,0,4,0,0.00,0.06,0.06,0.00,0.06,0.2,0.2,1.0,1.2,0.01,0.05,0.07,0.01,0.07,Matches,355c883a
4,Julen Agirrezabala,es ESP,GK,Athletic Club,20,2000,4,4,360,4.0,0,0,0,0,0,0,0,0.00,0.00,0.00,0.00,0.00,0.0,0.0,0.0,0.0,0.00,0.00,0.00,0.00,0.00,Matches,a2c1a8d3
5,Sergio Agüero,ar ARG,FW,Barcelona,33,1988,4,2,151,1.7,1,0,1,0,0,0,0,0.60,0.00,0.60,0.60,0.60,1.1,1.1,0.3,1.3,0.64,0.16,0.80,0.64,0.80,Matches,4d034881
6,Álvaro Aguirre,es ESP,FW,Rayo Vallecano,21,2000,1,0,9,0.1,0,0,0,0,0,0,0,0.00,0.00,0.00,0.00,0.00,0.0,0.0,0.0,0.0,0.00,0.00,0.00,0.00,0.00,Matches,93b054dc
7,Joseph Aidoo,gh GHA,DF,Celta Vigo,25,1995,32,30,2637,29.3,0,0,0,0,0,1,0,0.00,0.00,0.00,0.00,0.00,0.3,0.3,0.1,0.5,0.01,0.00,0.02,0.01,0.02,Matches,18abe173
8,Carlos Akapo,gq EQG,DF,Cádiz,28,1993,25,21,1844,20.5,0,0,0,0,0,4,0,0.00,0.00,0.00,0.00,0.00,0.4,0.4,0.5,0.9,0.02,0.02,0.04,0.02,0.04,Matches,f2a68b97
9,Ilias Akhomach,es ESP,FW,Barcelona,17,2004,2,2,124,1.4,0,0,0,0,0,0,0,0.00,0.00,0.00,0.00,0.00,0.1,0.1,0.4,0.5,0.08,0.27,0.34,0.08,0.34,Matches,b8bd60fe
10,Paul Akouokou,ci CIV,MF,Betis,23,1997,8,6,516,5.7,0,0,0,0,0,2,1,0.00,0.00,0.00,0.00,0.00,0.0,0.0,0.1,0.1,0.01,0.01,0.02,0.01,0.02,Matches,31f5b89b
11,David Alaba,at AUT,DF,Real Madrid,29,1992,30,30,2642,29.4,2,3,2,0,0,2,0,0.07,0.10,0.17,0.07,0.17,1.6,1.6,2.4,3.9,0.05,0.08,0.13,0.05,0.13,Matches,05439de2
12,Tomás Alarcón,cl CHI,MF,Cádiz,22,1999,23,16,1425,15.8,0,1,0,0,0,5,0,0.00,0.06,0.06,0.00,0.06,1.0,1.0,1.1,2.1,0.06,0.07,0.14,0.06,0.14,Matches,99ea2ddd
13,Jordi Alba,es ESP,DF,Barcelona,32,1989,30,30,2644,29.4,2,10,2,0,0,11,0,0.07,0.34,0.41,0.07,0.41,1.3,1.3,5.9,7.1,0.04,0.20,0.24,0.04,0.24,Matches,4601e194
14,Raúl Albiol,es ESP,DF,Villarreal,35,1985,28,28,2465,27.4,0,0,0,0,0,8,0,0.00,0.00,0.00,0.00,0.00,0.6,0.6,0.1,0.7,0.02,0.00,0.02,0.02,0.02,Matches,4bd414c1
15,Paco Alcácer,es ESP,FW,Villarreal,27,1993,18,10,787,8.7,1,3,1,0,0,1,0,0.11,0.34,0.46,0.11,0.46,3.7,3.7,1.7,5.5,0.43,0.20,0.63,0.43,0.63,Matches,a7a9d95a
16,Rubén Alcaraz,es ESP,MF,Cádiz,30,1991,14,12,1105,12.3,2,0,2,0,0,7,0,0.16,0.00,0.16,0.16,0.16,1.3,1.3,1.1,2.4,0.10,0.09,0.19,0.10,0.19,Matches,036bba5f
17,Omar Alderete,py PAR,DF,Valencia,24,1996,29,28,2403,26.7,2,0,2,0,0,15,0,0.07,0.00,0.07,0.07,0.07,0.9,0.9,0.3,1.2,0.04,0.01,0.05,0.04,0.05,Matches,bb08bce9
18,Iván Alejo,es ESP,MFFW,Cádiz,26,1995,20,11,1065,11.8,2,2,2,0,0,7,0,0.17,0.17,0.34,0.17,0.34,1.0,1.0,2.3,3.3,0.08,0.20,0.28,0.08,0.28,Matches,3d7e48ce
19,Carles Aleñá,es ESP,MF,Getafe,23,1998,33,30,2320,25.8,1,2,1,0,0,6,1,0.04,0.08,0.12,0.04,0.12,2.0,2.0,1.6,3.6,0.08,0.06,0.14,0.08,0.14,Matches,6c811eb7
20,Mircea Alexandru Tirlea,ro ROU,DF,Alavés,21,2000,1,0,15,0.2,0,0,0,0,0,0,0,0.00,0.00,0.00,0.00,0.00,0.0,0.0,0.0,0.0,0.00,0.00,0.00,0.00,0.00,Matches,683a1d81
21,Hugo Álvarez,es ESP,FW,Celta Vigo,18,2003,1,0,11,0.1,0,0,0,0,0,0,0,0.00,0.00,0.00,0.00,0.00,0.2,0.2,0.0,0.2,1.91,0.00,1.91,1.91,1.91,Matches,6f392eb8
22,Yeray Álvarez,es ESP,DF,Athletic Club,26,1995,22,21,1860,20.7,0,0,0,0,0,6,0,0.00,0.00,0.00,0.00,0.00,0.4,0.4,0.1,0.5,0.02,0.00,0.02,0.02,0.02,Matches,3ecc11d8
23,Dani Alves,br BRA,DF,Barcelona,38,1983,14,13,1098,12.2,1,3,1,0,0,2,1,0.08,0.25,0.33,0.08,0.33,0.2,0.2,1.9,2.1,0.01,0.16,0.17,0.01,0.17,Matches,c9e99e49
24,Emmanuel Amankwaa Akurugu,gh GHA,DF,Getafe,19,2001,3,1,79,0.9,0,1,0,0,0,0,0,0.00,1.14,1.14,0.00,1.14,0.0,0.0,0.0,0.1,0.04,0.05,0.08,0.04,0.08,Matches,69c5633e
25,Amath,sn SEN,FWMF,Mallorca,25,1996,19,9,884,9.8,0,1,0,0,0,5,0,0.00,0.10,0.10,0.00,0.10,1.3,1.3,0.4,1.7,0.13,0.04,0.17,0.13,0.17,Matches,f3b1d9a2
26,Florin Andone,ro ROU,FW,Cádiz,28,1993,5,1,176,2.0,0,0,0,0,0,1,0,0.00,0.00,0.00,0.00,0.00,0.3,0.3,0.0,0.3,0.13,0.02,0.15,0.13,0.15,Matches,dc008610
27,José Ángel,es ESP,DF,Osasuna,31,1989,23,12,1083,12.0,1,1,1,0,0,2,1,0.08,0.08,0.17,0.08,0.17,0.2,0.2,1.3,1.5,0.02,0.11,0.13,0.02,0.13,Matches,3024e383
28,Josep Antoni Gayá,es ESP,DF,Mallorca,21,2000,1,1,58,0.6,0,0,0,0,0,0,0,0.00,0.00,0.00,0.00,0.00,0.0,0.0,0.0,0.0,0.00,0.00,0.00,0.00,0.00,Matches,4a5f2032
29,Mauro Arambarri,uy URU,MF,Getafe,25,1995,31,31,2663,29.6,0,5,0,0,0,13,0,0.00,0.17,0.17,0.00,0.17,1.1,1.1,1.9,3.0,0.04,0.06,0.10,0.04,0.10,Matches,58afe001
30,Néstor Araujo,mx MEX,DF,Celta Vigo,29,1991,34,29,2617,29.1,0,0,0,0,0,4,0,0.00,0.00,0.00,0.00,0.00,0.2,0.2,0.2,0.4,0.01,0.01,0.01,0.01,0.01,Matches,27a013f7
31,Ronald Araújo,uy URU,DF,Barcelona,22,1999,30,25,2272,25.2,4,0,4,0,0,6,0,0.16,0.00,0.16,0.16,0.16,1.4,1.4,0.4,1.9,0.06,0.02,0.07,0.06,0.07,Matches,2bef2bca
32,Jesús Areso,es ESP,DF,Osasuna,22,1999,3,2,188,2.1,0,0,0,0,0,1,0,0.00,0.00,0.00,0.00,0.00,0.0,0.0,0.0,0.0,0.00,0.02,0.02,0.00,0.02,Matches,94e01ec6
33,Matias Arezo,uy URU,FW,Granada,18,2002,8,1,162,1.8,0,0,0,0,0,1,0,0.00,0.00,0.00,0.00,0.00,1.0,1.0,0.3,1.3,0.54,0.18,0.72,0.54,0.72,Matches,484ebdb0
34,Santiago Arias,co COL,DF,Granada,29,1992,12,4,440,4.9,1,0,1,0,0,1,0,0.20,0.00,0.20,0.20,0.20,0.6,0.6,0.4,1.0,0.13,0.08,0.21,0.13,0.21,Matches,fdd60087
35,Santiago Arzamendia,py PAR,MFDF,Cádiz,23,1998,14,5,469,5.2,1,0,1,0,0,2,0,0.19,0.00,0.19,0.19,0.19,0.2,0.2,0.0,0.2,0.04,0.00,0.04,0.04,0.04,Matches,759d8dd7
36,Sergio Asenjo,es ESP,GK,Villarreal,32,1989,6,6,540,6.0,0,0,0,0,0,1,0,0.00,0.00,0.00,0.00,0.00,0.0,0.0,0.0,0.0,0.00,0.00,0.00,0.00,0.00,Matches,9f0ea33f
37,Alejandro Asensio,es ESP,FW,Rayo Vallecano,20,2000,2,0,12,0.1,0,0,0,0,0,0,0,0.00,0.00,0.00,0.00,0.00,0.0,0.0,0.0,0.0,0.19,0.15,0.34,0.19,0.34,Matches,b4c23f36
38,Marco Asensio,es ESP,FWMF,Real Madrid,25,1996,31,19,1731,19.2,10,0,10,0,0,2,0,0.52,0.00,0.52,0.52,0.52,7.4,7.4,2.3,9.6,0.38,0.12,0.50,0.38,0.50,Matches,45af8a54
39,Iago Aspas,es ESP,FW,Celta Vigo,33,1987,37,36,3087,34.3,18,5,15,3,5,9,0,0.52,0.15,0.67,0.44,0.58,14.9,11.0,6.2,17.2,0.43,0.18,0.61,0.32,0.50,Matches,7dcf86f6
40,Pierre-Emerick Aubameyang,ga GAB,FW,Barcelona,32,1989,17,13,1082,12.0,11,1,11,0,0,0,0,0.91,0.08,1.00,0.91,1.00,7.1,7.1,1.0,8.2,0.59,0.09,0.68,0.59,0.68,Matches,d5dd5f1f
41,Ludwig Augustinsson,se SWE,DF,Sevilla,27,1994,19,9,793,8.8,0,1,0,0,0,3,0,0.00,0.11,0.11,0.00,0.11,0.4,0.4,0.6,1.0,0.05,0.07,0.12,0.05,0.12,Matches,9fec8860
42,Serge Aurier,ci CIV,DF,Villarreal,28,1992,19,10,1010,11.2,0,1,0,0,0,4,0,0.00,0.09,0.09,0.00,0.09,0.8,0.8,1.2,2.0,0.07,0.11,0.18,0.07,0.18,Matches,5c2b4f07
43,Ezequiel Ávila,ar ARG,FWMF,Osasuna,27,1994,36,22,1870,20.8,6,1,5,1,1,9,1,0.29,0.05,0.34,0.24,0.29,4.2,3.4,1.3,4.7,0.20,0.06,0.26,0.16,0.23,Matches,253a06b9
44,Iddrisu Baba,gh GHA,MF,Mallorca,25,1996,26,23,1934,21.5,2,0,2,0,0,9,0,0.09,0.00,0.09,0.09,0.09,1.5,1.5,0.3,1.8,0.07,0.02,0.08,0.07,0.08,Matches,bfd381b3
45,Carlos Bacca,co COL,FW,Granada,34,1986,17,4,513,5.7,0,1,0,0,0,3,0,0.00,0.18,0.18,0.00,0.18,0.8,0.8,0.5,1.2,0.13,0.09,0.22,0.13,0.22,Matches,09a9e921
46,Édgar Badía,es ESP,GK,Elche,29,1992,24,24,2160,24.0,0,0,0,0,0,2,0,0.00,0.00,0.00,0.00,0.00,0.0,0.0,0.0,0.0,0.00,0.00,0.00,0.00,0.00,Matches,e4346678
47,Miguel Baeza,es ESP,DF,Celta Vigo,21,2000,1,0,2,0.0,0,0,0,0,0,0,0,0.00,0.00,0.00,0.00,0.00,0.0,0.0,0.0,0.0,0.00,0.00,0.00,0.00,0.00,Matches,a98f3cbf
48,Alejandro Balde,es ESP,DFFW,Barcelona,17,2003,5,2,188,2.1,0,0,0,0,0,0,0,0.00,0.00,0.00,0.00,0.00,0.0,0.0,0.1,0.1,0.01,0.03,0.04,0.01,0.04,Matches,5ccc9672
49,Gareth Bale,wls WAL,FW,Real Madrid,32,1989,5,4,280,3.1,1,0,1,0,0,2,0,0.32,0.00,0.32,0.32,0.32,1.2,1.2,0.0,1.3,0.39,0.01,0.40,0.39,0.40,Matches,a58bb1e1
50,Mikel Balenziaga,es ESP,DF,Athletic Club,33,1988,26,23,2027,22.5,0,0,0,0,0,2,0,0.00,0.00,0.00,0.00,0.00,0.2,0.2,0.5,0.6,0.01,0.02,0.03,0.01,0.03,Matches,1fe67e86
51,Iván Balliu,al ALB,DF,Rayo Vallecano,29,1992,35,35,3147,35.0,1,2,1,0,0,10,1,0.03,0.06,0.09,0.03,0.09,0.6,0.6,4.0,4.7,0.02,0.12,0.13,0.02,0.13,Matches,cee88597
52,Barbero,es ESP,MFFW,Osasuna,22,1998,6,0,21,0.2,0,0,0,0,0,0,0,0.00,0.00,0.00,0.00,0.00,0.0,0.0,0.0,0.0,0.00,0.07,0.07,0.00,0.07,Matches,981c1863
53,Barcia,es ESP,DF,Granada,20,2000,1,1,75,0.8,0,0,0,0,0,0,0,0.00,0.00,0.00,0.00,0.00,0.0,0.0,0.0,0.0,0.00,0.00,0.00,0.00,0.00,Matches,0c717ae6
54,Enis Bardhi,mk MKD,MFFW,Levante,26,1995,30,17,1701,18.9,3,3,1,2,2,3,0,0.16,0.16,0.32,0.05,0.21,3.8,2.3,3.3,5.6,0.20,0.18,0.38,0.12,0.30,Matches,cac2537b
55,Keidi Bare,al ALB,MF,Espanyol,23,1997,25,18,1481,16.5,1,1,1,0,0,9,0,0.06,0.06,0.12,0.06,0.12,0.5,0.5,1.0,1.5,0.03,0.06,0.09,0.03,0.09,Matches,03049c8c
56,Kike Barja,es ESP,MFFW,Osasuna,24,1997,21,9,865,9.6,2,0,2,0,0,2,0,0.21,0.00,0.21,0.21,0.21,1.8,1.8,0.6,2.4,0.19,0.07,0.25,0.19,0.25,Matches,aad53e64
57,Antonio Barragán,es ESP,DF,Elche,34,1987,16,12,1020,11.3,0,0,0,0,0,5,0,0.00,0.00,0.00,0.00,0.00,0.0,0.0,0.1,0.1,0.00,0.01,0.01,0.00,0.01,Matches,487d9b09
58,Ander Barrenetxea,es ESP,FWMF,Real Sociedad,19,2001,11,6,547,6.1,1,1,1,0,0,0,0,0.16,0.16,0.33,0.16,0.33,0.4,0.4,1.0,1.4,0.06,0.17,0.23,0.06,0.23,Matches,200e89e1
59,Marc Bartra,es ESP,DF,Betis,30,1991,23,23,1993,22.1,1,0,1,0,0,5,0,0.05,0.00,0.05,0.05,0.05,1.4,1.4,0.1,1.6,0.07,0.01,0.07,0.07,0.07,Matches,b742cc0d
60,Álvaro Bastida,es ESP,MF,Cádiz,17,2004,6,2,197,2.2,0,0,0,0,0,1,0,0.00,0.00,0.00,0.00,0.00,0.0,0.0,0.0,0.0,0.00,0.00,0.00,0.00,0.00,Matches,42a028c5
61,Rodrigo Battaglia,ar ARG,MF,Mallorca,30,1991,26,12,1179,13.1,0,0,0,0,0,4,0,0.00,0.00,0.00,0.00,0.00,0.3,0.3,0.1,0.4,0.02,0.01,0.03,0.02,0.03,Matches,d637fc22
62,Jon Bautista,es ESP,FWMF,Real Sociedad,26,1995,1,0,45,0.5,0,0,0,0,0,0,0,0.00,0.00,0.00,0.00,0.00,0.0,0.0,0.0,0.0,0.06,0.00,0.06,0.06,0.06,Matches,debc6b55
63,Bebé,cv CPV,FWMF,Rayo Vallecano,31,1990,29,6,867,9.6,1,2,1,0,0,2,0,0.10,0.21,0.31,0.10,0.31,2.1,2.1,1.9,4.0,0.22,0.20,0.42,0.22,0.42,Matches,d8712bf9
64,Héctor Bellerín,es ESP,DF,Betis,26,1995,23,22,1979,22.0,0,2,0,0,0,2,1,0.00,0.09,0.09,0.00,0.09,0.4,0.4,2.4,2.8,0.02,0.11,0.13,0.02,0.13,Matches,f874dd44
65,Fran Beltrán,es ESP,MF,Celta Vigo,22,1999,37,31,2597,28.9,1,0,1,0,0,4,0,0.03,0.00,0.03,0.03,0.03,0.4,0.4,0.6,1.0,0.01,0.02,0.03,0.01,0.03,Matches,ed5c5fa3
66,Darío Benedetto,ar ARG,FW,Elche,31,1990,14,6,590,6.6,2,1,2,0,0,1,0,0.31,0.15,0.46,0.31,0.46,2.7,2.7,0.9,3.6,0.41,0.14,0.56,0.41,0.56,Matches,bef0a7ac
67,Iker Benito,es ESP,MFFW,Osasuna,18,2002,4,1,118,1.3,0,0,0,0,0,1,0,0.00,0.00,0.00,0.00,0.00,0.1,0.1,0.1,0.2,0.07,0.10,0.17,0.07,0.17,Matches,50cbc806
68,Pedro Benito,es ESP,FW,Cádiz,21,2000,1,0,31,0.3,0,0,0,0,0,0,0,0.00,0.00,0.00,0.00,0.00,0.0,0.0,0.0,0.0,0.00,0.00,0.00,0.00,0.00,Matches,a7416105
69,Karim Benzema,fr FRA,FW,Real Madrid,33,1987,32,31,2593,28.8,27,12,20,7,11,0,0,0.94,0.42,1.35,0.69,1.11,23.5,15.1,9.5,24.6,0.81,0.33,1.14,0.52,0.85,Matches,70d74ece
70,Yuri Berchiche,es ESP,DF,Athletic Club,31,1990,14,11,1015,11.3,1,2,1,0,0,3,0,0.09,0.18,0.27,0.09,0.27,0.4,0.4,0.6,1.0,0.03,0.06,0.09,0.03,0.09,Matches,b6e50615
71,Álex Berenguer,es ESP,MFFW,Athletic Club,26,1995,34,24,2168,24.1,3,6,3,0,1,8,0,0.12,0.25,0.37,0.12,0.37,4.6,3.9,5.6,9.5,0.19,0.23,0.42,0.16,0.39,Matches,dc1c2fce
72,Pedro Bigas,es ESP,DF,Elche,30,1990,19,19,1551,17.2,1,0,1,0,0,6,0,0.06,0.00,0.06,0.06,0.06,0.6,0.6,0.3,0.9,0.03,0.02,0.05,0.03,0.05,Matches,697295b1
73,Blanco,es ESP,MF,Real Madrid,21,2000,1,0,31,0.3,0,0,0,0,0,0,0,0.00,0.00,0.00,0.00,0.00,0.0,0.0,0.0,0.0,0.00,0.00,0.00,0.00,0.00,Matches,506daeac
74,Yassine Bounou,ma MAR,GK,Sevilla,30,1991,31,31,2790,31.0,0,2,0,0,0,2,0,0.00,0.06,0.06,0.00,0.06,0.0,0.0,0.6,0.6,0.00,0.02,0.02,0.00,0.02,Matches,f6798fc3
75,Lucas Boyé,ar ARG,FW,Elche,25,1996,24,22,1713,19.0,7,3,7,0,0,3,0,0.37,0.16,0.53,0.37,0.53,4.9,4.9,1.8,6.7,0.26,0.10,0.35,0.26,0.35,Matches,d49f3e6b
76,Martin Braithwaite,dk DEN,FW,Barcelona,30,1991,4,3,235,2.6,2,1,2,0,0,0,0,0.77,0.38,1.15,0.77,1.15,1.0,1.0,1.3,2.3,0.40,0.48,0.88,0.40,0.88,Matches,fd771f95
77,Darko Brašanac,rs SRB,MF,Osasuna,29,1992,35,27,2405,26.7,1,2,1,0,0,8,0,0.04,0.07,0.11,0.04,0.11,1.6,1.6,1.6,3.2,0.06,0.06,0.12,0.06,0.12,Matches,4accb7e0
78,Claudio Bravo,cl CHI,GK,Betis,38,1983,17,17,1456,16.2,0,0,0,0,0,2,0,0.00,0.00,0.00,0.00,0.00,0.0,0.0,0.2,0.2,0.00,0.01,0.01,0.00,0.01,Matches,10072610
79,Yan Brice Eteki,cm CMR,MF,Granada,23,1997,12,2,343,3.8,0,0,0,0,0,3,0,0.00,0.00,0.00,0.00,0.00,0.1,0.1,0.0,0.1,0.02,0.00,0.02,0.02,0.02,Matches,3d688b46
80,Bryan,es ESP,MFFW,Valencia,20,2001,13,9,753,8.4,0,1,0,0,0,3,0,0.00,0.12,0.12,0.00,0.12,1.1,1.1,1.0,2.2,0.13,0.12,0.26,0.13,0.26,Matches,7b5ab7f2
81,Ante Budimir,hr CRO,FW,Osasuna,30,1991,28,20,1738,19.3,8,2,6,2,2,3,0,0.41,0.10,0.52,0.31,0.41,8.4,7.1,1.3,8.4,0.44,0.07,0.50,0.37,0.43,Matches,8f3565b3
82,Sergio Busquets,es ESP,MF,Barcelona,33,1988,36,36,3198,35.5,2,0,2,0,0,12,0,0.06,0.00,0.06,0.06,0.06,0.7,0.7,1.9,2.6,0.02,0.05,0.07,0.02,0.07,Matches,5ab0ea87
83,Adrián Butzke,es ESP,FW,Granada,22,1999,1,0,1,0.0,0,0,0,0,0,0,0,0.00,0.00,0.00,0.00,0.00,0.0,0.0,0.0,0.0,0.00,0.00,0.00,0.00,0.00,Matches,505dce2b
84,Erick Cabaco,uy URU,DF,Getafe,26,1995,10,5,403,4.5,0,1,0,0,0,4,1,0.00,0.22,0.22,0.00,0.22,0.4,0.4,0.4,0.8,0.09,0.08,0.17,0.09,0.17,Matches,e7ab4179
85,Leandro Cabrera,uy URU,DF,Espanyol,30,1991,37,37,3330,37.0,2,0,2,0,0,7,0,0.05,0.00,0.05,0.05,0.05,1.3,1.3,0.3,1.6,0.04,0.01,0.04,0.04,0.04,Matches,69cbc8b6
86,Martín Cáceres,uy URU,DF,Levante,34,1987,10,9,663,7.4,0,0,0,0,0,2,0,0.00,0.00,0.00,0.00,0.00,0.0,0.0,0.1,0.1,0.00,0.02,0.02,0.00,0.02,Matches,e94d79e3
87,Cala,es ESP,DF,Cádiz,31,1989,14,10,947,10.5,0,0,0,0,0,8,1,0.00,0.00,0.00,0.00,0.00,0.6,0.6,0.0,0.6,0.05,0.00,0.05,0.05,0.05,Matches,fe05804b
88,Calderón,es ESP,DF,Betis,21,2000,1,0,65,0.7,0,0,0,0,0,0,0,0.00,0.00,0.00,0.00,0.00,0.0,0.0,0.1,0.1,0.00,0.19,0.19,0.00,0.19,Matches,da4e70e5
89,Fernando Calero,es ESP,DF,Espanyol,25,1995,16,13,1090,12.1,0,0,0,0,0,3,0,0.00,0.00,0.00,0.00,0.00,0.1,0.1,0.1,0.2,0.01,0.01,0.02,0.01,0.02,Matches,41b3069f
90,Víctor Camarasa,es ESP,MFFW,Betis,27,1994,7,0,108,1.2,0,0,0,0,0,0,0,0.00,0.00,0.00,0.00,0.00,0.0,0.0,0.0,0.0,0.01,0.00,0.01,0.01,0.01,Matches,b2d03887
91,Eduardo Camavinga,fr FRA,MF,Real Madrid,18,2002,26,13,1236,13.7,2,1,2,0,0,8,0,0.15,0.07,0.22,0.15,0.22,1.0,1.0,1.2,2.2,0.07,0.09,0.16,0.07,0.16,Matches,7b9c2d84
92,José Campaña,es ESP,MF,Levante,28,1993,20,16,1422,15.8,2,2,2,0,1,6,1,0.13,0.13,0.25,0.13,0.25,1.6,0.8,1.4,2.2,0.10,0.09,0.19,0.05,0.14,Matches,61220da2
93,Sergio Canales,es ESP,FWMF,Betis,30,1991,34,33,2791,31.0,5,8,5,0,0,6,0,0.16,0.26,0.42,0.16,0.42,4.7,4.7,5.1,9.8,0.15,0.16,0.32,0.15,0.32,Matches,a6de370d
94,Álex Cantero,es ESP,FWMF,Levante,21,2000,25,4,610,6.8,0,1,0,0,0,1,0,0.00,0.15,0.15,0.00,0.15,2.7,2.7,0.6,3.3,0.39,0.09,0.48,0.39,0.48,Matches,4aa253fd
95,Ander Capa,es ESP,DF,Athletic Club,29,1992,1,0,4,0.0,0,0,0,0,0,0,0,0.00,0.00,0.00,0.00,0.00,0.0,0.0,0.0,0.0,0.74,0.00,0.74,0.74,0.74,Matches,37f1cf47
96,Étienne Capoue,fr FRA,MF,Villarreal,33,1988,30,26,2290,25.4,1,1,1,0,0,9,0,0.04,0.04,0.08,0.04,0.08,0.6,0.6,0.9,1.4,0.02,0.03,0.06,0.02,0.06,Matches,5acc4a10
97,Isaac Carcelen,es ESP,DFMF,Cádiz,28,1993,25,17,1544,17.2,0,1,0,0,0,2,0,0.00,0.06,0.06,0.00,0.06,0.5,0.5,0.6,1.2,0.03,0.04,0.07,0.03,0.07,Matches,c4b888df
98,Cárdenas,es ESP,GK,Levante,24,1997,24,24,2160,24.0,0,0,0,0,0,3,0,0.00,0.00,0.00,0.00,0.00,0.0,0.0,0.0,0.0,0.00,0.00,0.00,0.00,0.00,Matches,e1846dde
99,Carlo,es ESP,MF,Villarreal,20,2001,1,0,7,0.1,0,0,0,0,0,0,0,0.00,0.00,0.00,0.00,0.00,0.0,0.0,0.0,0.0,0.00,0.00,0.00,0.00,0.00,Matches,8249ff06
100,Diego Carlos,br BRA,DF,Sevilla,28,1993,34,34,2957,32.9,3,0,3,0,0,4,1,0.09,0.00,0.09,0.09,0.09,2.5,2.5,0.3,2.8,0.08,0.01,0.09,0.08,0.09,Matches,b4a014b1
101,Carmona,es ESP,DF,Sevilla,19,2002,1,0,24,0.3,0,0,0,0,0,0,0,0.00,0.00,0.00,0.00,0.00,0.0,0.0,0.0,0.0,0.00,0.00,0.00,0.00,0.00,Matches,2dce876a
102,Yannick Carrasco,be BEL,DFMF,Atlético Madrid,27,1993,34,28,2583,28.7,6,6,4,2,2,5,0,0.21,0.21,0.42,0.14,0.35,6.1,4.6,6.2,10.8,0.21,0.22,0.43,0.16,0.38,Matches,de39485a
103,Guido Carrillo,ar ARG,FW,Elche,30,1991,29,11,1168,13.0,2,0,2,0,0,3,0,0.15,0.00,0.15,0.15,0.15,2.9,2.9,0.2,3.1,0.22,0.01,0.24,0.22,0.24,Matches,8f898ba8
104,Dani Carvajal,es ESP,DF,Real Madrid,29,1992,24,17,1551,17.2,1,3,1,0,0,1,0,0.06,0.17,0.23,0.06,0.23,0.5,0.5,2.4,2.9,0.03,0.14,0.17,0.03,0.17,Matches,4958bfb2
105,William Carvalho,pt POR,MF,Betis,29,1992,33,20,1805,20.1,2,3,2,0,0,6,0,0.10,0.15,0.25,0.10,0.25,3.1,3.1,1.5,4.6,0.16,0.07,0.23,0.16,0.23,Matches,dee86451
106,Casemiro,br BRA,MF,Real Madrid,29,1992,32,31,2569,28.5,1,3,1,0,0,11,0,0.04,0.11,0.14,0.04,0.14,2.4,2.4,2.6,5.0,0.08,0.09,0.18,0.08,0.18,Matches,4d224fe8
107,Kiko Casilla,es ESP,GK,Elche,34,1986,14,14,1260,14.0,0,0,0,0,0,3,0,0.00,0.00,0.00,0.00,0.00,0.0,0.0,0.1,0.1,0.00,0.01,0.01,0.00,0.01,Matches,58bc7d18
108,Catena,es ESP,DF,Rayo Vallecano,26,1994,36,36,3240,36.0,2,2,2,0,0,8,0,0.06,0.06,0.11,0.06,0.11,1.6,1.6,0.7,2.3,0.04,0.02,0.06,0.04,0.06,Matches,274ab13c
109,Dani Ceballos,es ESP,MF,Real Madrid,24,1996,11,2,276,3.1,0,0,0,0,0,1,0,0.00,0.00,0.00,0.00,0.00,0.7,0.7,0.1,0.8,0.22,0.04,0.27,0.22,0.27,Matches,c0617e2b
110,Franco Cervi,ar ARG,MF,Celta Vigo,27,1994,33,21,1801,20.0,4,3,4,0,0,5,0,0.20,0.15,0.35,0.20,0.35,2.8,2.8,1.3,4.1,0.14,0.06,0.21,0.14,0.21,Matches,5e1028e5
111,Chapela,es ESP,MFFW,Cádiz,22,1999,9,4,398,4.4,0,0,0,0,0,0,0,0.00,0.00,0.00,0.00,0.00,0.1,0.1,0.2,0.2,0.02,0.03,0.05,0.02,0.05,Matches,9ed40a69
112,Chema,es ESP,MF,Getafe,29,1992,1,1,45,0.5,0,0,0,0,0,1,1,0.00,0.00,0.00,0.00,0.00,0.0,0.0,0.0,0.0,0.05,0.03,0.08,0.05,0.08,Matches,7f203b54
113,Denis Cheryshev,ru RUS,MF,Valencia,30,1990,17,5,563,6.3,0,1,0,0,0,1,0,0.00,0.16,0.16,0.00,0.16,1.0,1.0,0.3,1.3,0.16,0.05,0.21,0.16,0.21,Matches,0ac94a23
114,Samuel Chukwueze,ng NGA,MFFW,Villarreal,22,1999,27,12,1333,14.8,3,3,3,0,0,4,0,0.20,0.20,0.41,0.20,0.41,4.4,4.4,4.4,8.7,0.29,0.29,0.59,0.29,0.59,Matches,b8a642fc
115,Víctor Chust,es ESP,DF,Cádiz,21,2000,25,20,1830,20.3,0,0,0,0,0,2,0,0.00,0.00,0.00,0.00,0.00,0.7,0.7,0.0,0.7,0.03,0.00,0.03,0.03,0.03,Matches,ec1a731e
116,Jasper Cillessen,nl NED,GK,Valencia,32,1989,17,17,1457,16.2,0,1,0,0,0,1,0,0.00,0.06,0.06,0.00,0.06,0.0,0.0,0.0,0.0,0.00,0.00,0.00,0.00,0.00,Matches,04ac8285
117,Pathé Ciss,sn SEN,MF,Rayo Vallecano,27,1994,31,11,1097,12.2,2,1,2,0,0,5,0,0.16,0.08,0.25,0.16,0.25,1.6,1.6,0.5,2.1,0.13,0.04,0.18,0.13,0.18,Matches,9a0408b6
118,Carlos Clerc,es ESP,DF,Levante,29,1992,19,18,1514,16.8,0,0,0,0,0,6,0,0.00,0.00,0.00,0.00,0.00,0.2,0.2,0.8,1.0,0.01,0.04,0.06,0.01,0.06,Matches,33a61a52
119,Coke,es ESP,DF,Levante,34,1987,6,1,118,1.3,1,0,1,0,0,1,0,0.76,0.00,0.76,0.76,0.76,0.4,0.4,0.1,0.4,0.27,0.05,0.33,0.27,0.33,Matches,6d8f8441
120,Álex Collado,es ESP,MFFW,Granada,22,1999,17,13,1020,11.3,2,1,2,0,0,1,0,0.18,0.09,0.26,0.18,0.26,0.8,0.8,1.2,2.0,0.07,0.11,0.18,0.07,0.18,Matches,85dace26
121,Eray Cömert,ch SUI,DF,Valencia,23,1998,8,5,408,4.5,0,0,0,0,0,2,0,0.00,0.00,0.00,0.00,0.00,0.4,0.4,0.0,0.4,0.09,0.00,0.09,0.09,0.09,Matches,15937e17
122,Santi Comesaña,es ESP,MF,Rayo Vallecano,24,1996,35,32,2682,29.8,1,2,1,0,0,12,1,0.03,0.07,0.10,0.03,0.10,4.0,4.0,2.5,6.4,0.13,0.08,0.21,0.13,0.21,Matches,5ae499d0
123,Diego Conde,es ESP,GK,Getafe,22,1998,1,0,6,0.1,0,0,0,0,0,0,0,0.00,0.00,0.00,0.00,0.00,0.0,0.0,0.0,0.0,0.00,0.00,0.00,0.00,0.00,Matches,4eae5bc4
124,Francis Coquelin,fr FRA,MF,Villarreal,30,1991,20,8,830,9.2,2,1,2,0,0,3,0,0.22,0.11,0.33,0.22,0.33,0.3,0.3,0.7,0.9,0.03,0.07,0.10,0.03,0.10,Matches,a6951bf8
125,Jesús Corona,mx MEX,FWDF,Sevilla,28,1993,18,12,1157,12.9,2,4,2,0,0,2,0,0.16,0.31,0.47,0.16,0.47,1.7,1.7,3.3,5.0,0.13,0.26,0.39,0.13,0.39,Matches,fb938d24
126,Ángel Correa,ar ARG,FWMF,Atlético Madrid,26,1995,36,21,1856,20.6,12,5,12,0,0,3,1,0.58,0.24,0.82,0.58,0.82,6.8,6.8,3.5,10.2,0.33,0.17,0.50,0.33,0.50,Matches,01eb744d
127,Thierry Correia,pt POR,DF,Valencia,22,1999,19,18,1414,15.7,0,1,0,0,0,5,0,0.00,0.06,0.06,0.00,0.06,0.3,0.3,0.9,1.1,0.02,0.05,0.07,0.02,0.07,Matches,c78b352d
128,Hélder Costa,ao ANG,MFFW,Valencia,27,1994,22,13,1118,12.4,0,1,0,0,0,3,0,0.00,0.08,0.08,0.00,0.08,0.3,0.3,1.7,2.0,0.03,0.14,0.16,0.03,0.16,Matches,f13d02a6
129,Jaume Costa,es ESP,DF,Mallorca,33,1988,25,21,1828,20.3,0,4,0,0,0,5,1,0.00,0.20,0.20,0.00,0.20,0.7,0.7,2.4,3.0,0.03,0.12,0.15,0.03,0.15,Matches,808d48f3
130,Thibaut Courtois,be BEL,GK,Real Madrid,29,1992,36,36,3240,36.0,0,0,0,0,0,1,0,0.00,0.00,0.00,0.00,0.00,0.0,0.0,0.0,0.0,0.00,0.00,0.00,0.00,0.00,Matches,1840e36d
131,Philippe Coutinho,br BRA,MFFW,Barcelona,29,1992,12,5,503,5.6,2,0,1,1,1,1,0,0.36,0.00,0.36,0.18,0.18,2.8,2.0,0.3,2.4,0.50,0.06,0.56,0.36,0.42,Matches,0ef89a37
132,Cristo,es ESP,DF,Real Sociedad,21,2000,1,0,17,0.2,0,0,0,0,0,0,0,0.00,0.00,0.00,0.00,0.00,0.0,0.0,0.1,0.1,0.03,0.39,0.42,0.03,0.42,Matches,ad81ba78
133,Juan Cruz Armada,es ESP,DF,Osasuna,29,1992,23,22,1934,21.5,0,0,0,0,0,4,0,0.00,0.00,0.00,0.00,0.00,0.3,0.3,0.0,0.4,0.01,0.00,0.02,0.01,0.02,Matches,a56da3ba
134,Marc Cucurella,es ESP,FWDF,Getafe,23,1998,1,0,23,0.3,0,0,0,0,0,0,0,0.00,0.00,0.00,0.00,0.00,0.1,0.1,0.1,0.1,0.22,0.23,0.45,0.22,0.45,Matches,1daec722
135,Jorge Cuenca,es ESP,DF,Getafe,21,1999,32,31,2683,29.8,1,0,1,0,0,6,2,0.03,0.00,0.03,0.03,0.03,0.7,0.7,0.1,0.8,0.02,0.00,0.03,0.02,0.03,Matches,0abc51f2
136,Matheus Cunha,br BRA,FW,Atlético Madrid,22,1999,29,8,1063,11.8,6,4,6,0,0,3,0,0.51,0.34,0.85,0.51,0.85,6.3,6.3,2.2,8.5,0.53,0.19,0.72,0.53,0.72,Matches,dc62b55d
137,Sergi Darder,es ESP,MF,Espanyol,27,1993,36,36,3125,34.7,3,9,3,0,0,4,0,0.09,0.26,0.35,0.09,0.35,2.8,2.8,4.9,7.8,0.08,0.14,0.22,0.08,0.22,Matches,070a3904
138,Rodrigo De Paul,ar ARG,MF,Atlético Madrid,27,1994,36,24,2151,23.9,3,1,3,0,0,7,0,0.13,0.04,0.17,0.13,0.17,1.6,1.6,4.1,5.7,0.07,0.17,0.24,0.07,0.24,Matches,162efffd
139,Thomas Delaney,dk DEN,MF,Sevilla,29,1991,26,15,1549,17.2,2,1,2,0,0,4,1,0.12,0.06,0.17,0.12,0.17,1.3,1.3,0.6,1.8,0.07,0.03,0.11,0.07,0.11,Matches,fe641c1a
140,Ousmane Dembélé,fr FRA,FW,Barcelona,24,1997,21,15,1409,15.7,1,13,1,0,0,3,0,0.06,0.83,0.89,0.06,0.89,2.8,2.8,7.8,10.6,0.18,0.50,0.68,0.18,0.68,Matches,b19db005
141,Yusuf Demir,at AUT,FW,Barcelona,18,2003,6,2,192,2.1,0,0,0,0,0,0,0,0.00,0.00,0.00,0.00,0.00,0.1,0.1,0.0,0.1,0.03,0.01,0.04,0.03,0.04,Matches,fa265f6d
142,Memphis Depay,nl NED,FW,Barcelona,27,1994,28,20,1851,20.6,12,2,8,4,5,3,0,0.58,0.10,0.68,0.39,0.49,11.0,7.2,3.9,11.1,0.53,0.19,0.73,0.35,0.54,Matches,8f696594
143,Sergiño Dest,us USA,DFFW,Barcelona,20,2000,21,17,1512,16.8,0,3,0,0,0,2,0,0.00,0.18,0.18,0.00,0.18,1.5,1.5,2.8,4.3,0.09,0.16,0.26,0.09,0.26,Matches,5976f83e
144,Boulaye Dia,sn SEN,FW,Villarreal,24,1996,25,13,1269,14.1,5,5,5,0,0,3,0,0.35,0.35,0.71,0.35,0.71,5.0,5.0,1.9,6.9,0.36,0.13,0.49,0.36,0.49,Matches,244bc2c8
145,Mouctar Diakhaby,gn GUI,DF,Valencia,24,1996,29,21,1948,21.6,0,1,0,0,0,11,0,0.00,0.05,0.05,0.00,0.05,0.5,0.5,0.1,0.6,0.02,0.01,0.03,0.02,0.03,Matches,d2110326
146,Javier Díaz,es ESP,GK,Sevilla,24,1997,1,1,90,1.0,0,0,0,0,0,0,0,0.00,0.00,0.00,0.00,0.00,0.0,0.0,0.0,0.0,0.00,0.00,0.00,0.00,0.00,Matches,17a1299d
147,Víctor Díaz,es ESP,DF,Granada,33,1988,22,18,1500,16.7,1,0,1,0,0,5,0,0.06,0.00,0.06,0.06,0.06,1.1,1.1,0.2,1.3,0.07,0.01,0.08,0.07,0.08,Matches,3624ce4c
148,Landry Dimata,be BEL,FWMF,Espanyol,23,1997,17,4,541,6.0,0,0,0,0,0,0,0,0.00,0.00,0.00,0.00,0.00,1.3,1.3,0.2,1.6,0.22,0.04,0.26,0.22,0.26,Matches,b5f63410
149,Stole Dimitrievski,mk MKD,GK,Rayo Vallecano,27,1993,31,30,2772,30.8,0,0,0,0,0,0,0,0.00,0.00,0.00,0.00,0.00,0.0,0.0,0.0,0.0,0.00,0.00,0.00,0.00,0.00,Matches,fc70e345
150,Matías Dituro,ar ARG,GK,Celta Vigo,34,1987,38,38,3420,38.0,0,0,0,0,0,1,0,0.00,0.00,0.00,0.00,0.00,0.0,0.0,0.1,0.1,0.00,0.00,0.00,0.00,0.00,Matches,b6160ad0
151,Djené,tg TOG,DF,Getafe,29,1991,35,35,3115,34.6,0,1,0,0,0,11,1,0.00,0.03,0.03,0.00,0.03,0.1,0.1,0.3,0.4,0.00,0.01,0.01,0.00,0.01,Matches,a4971d84
152,Naïs Djouahra,fr FRA,FWMF,Real Sociedad,21,1999,7,1,219,2.4,0,0,0,0,0,0,0,0.00,0.00,0.00,0.00,0.00,0.3,0.3,0.3,0.6,0.11,0.12,0.23,0.11,0.23,Matches,3594a357
153,Marko Dmitrović,rs SRB,GK,Sevilla,29,1992,6,6,540,6.0,0,0,0,0,0,0,0,0.00,0.00,0.00,0.00,0.00,0.0,0.0,0.0,0.0,0.00,0.00,0.00,0.00,0.00,Matches,ac295d9e
154,Jaume Doménech,es ESP,GK,Valencia,30,1990,4,3,343,3.8,0,0,0,0,0,1,0,0.00,0.00,0.00,0.00,0.00,0.0,0.0,0.0,0.0,0.00,0.00,0.00,0.00,0.00,Matches,c9cb972b
155,Carlos Dominguez,es ESP,DF,Celta Vigo,20,2001,8,3,344,3.8,0,0,0,0,0,1,0,0.00,0.00,0.00,0.00,0.00,0.1,0.1,0.0,0.1,0.03,0.00,0.03,0.03,0.03,Matches,3521abfe
156,Mario Dominguez,es ESP,FW,Valencia,17,2004,2,0,25,0.3,0,0,0,0,0,0,0,0.00,0.00,0.00,0.00,0.00,0.0,0.0,0.0,0.0,0.00,0.00,0.00,0.00,0.00,Matches,d709cd5c
157,John Donald,es ESP,DF,Elche,20,2000,2,2,180,2.0,0,0,0,0,0,0,0,0.00,0.00,0.00,0.00,0.00,0.2,0.2,0.0,0.2,0.09,0.01,0.10,0.09,0.10,Matches,5e95c000
158,Domingos Duarte,pt POR,DF,Granada,26,1995,21,19,1687,18.7,1,0,1,0,0,7,1,0.05,0.00,0.05,0.05,0.05,0.7,0.7,0.0,0.7,0.04,0.00,0.04,0.04,0.04,Matches,93090f69
159,Óscar Duarte,cr CRC,DF,Levante,32,1989,23,20,1773,19.7,2,0,2,0,0,5,0,0.10,0.00,0.10,0.10,0.10,1.1,1.1,0.3,1.3,0.05,0.01,0.07,0.05,0.07,Matches,aa0ac32d
160,Rubén Duarte,es ESP,DF,Alavés,25,1995,34,31,2621,29.1,0,4,0,0,0,12,1,0.00,0.14,0.14,0.00,0.14,0.5,0.5,2.1,2.6,0.02,0.07,0.09,0.02,0.09,Matches,1fe0492d
161,Unai Dufur,es ESP,DF,Osasuna,22,1999,1,1,90,1.0,0,0,0,0,0,0,0,0.00,0.00,0.00,0.00,0.00,0.0,0.0,0.0,0.0,0.04,0.00,0.04,0.04,0.04,Matches,c261b5dd
162,Hugo Duro,es ESP,FWMF,Valencia,21,1999,30,22,1834,20.4,7,1,7,0,0,3,1,0.34,0.05,0.39,0.34,0.39,3.8,3.8,0.9,4.7,0.19,0.04,0.23,0.19,0.23,Matches,37e103f8
163,Hugo Duro,es ESP,DFMF,Getafe,21,1999,1,0,12,0.1,0,0,0,0,0,0,0,0.00,0.00,0.00,0.00,0.00,0.1,0.1,0.0,0.1,0.84,0.00,0.84,0.84,0.84,Matches,37e103f8
164,Aritz Elustondo,es ESP,DF,Real Sociedad,27,1994,30,22,2105,23.4,4,1,4,0,0,3,1,0.17,0.04,0.21,0.17,0.21,2.1,2.1,0.2,2.2,0.09,0.01,0.10,0.09,0.10,Matches,f7dc2ae5
165,Adri Embarba,es ESP,FWMF,Espanyol,29,1992,32,24,1986,22.1,0,2,0,0,0,4,0,0.00,0.09,0.09,0.00,0.09,3.1,3.1,2.5,5.6,0.14,0.11,0.25,0.14,0.25,Matches,db8f0eba
166,Emerson,br BRA,DF,Barcelona,22,1999,3,1,91,1.0,0,0,0,0,0,0,0,0.00,0.00,0.00,0.00,0.00,0.0,0.0,0.0,0.0,0.00,0.00,0.00,0.00,0.00,Matches,df8b52a5
167,Youssef En-Nesyri,ma MAR,FW,Sevilla,24,1997,23,15,1277,14.2,5,1,4,1,1,1,0,0.35,0.07,0.42,0.28,0.35,5.8,5.1,1.3,6.3,0.41,0.09,0.50,0.36,0.45,Matches,04e17fd5
168,Gonzalo Escalante,ar ARG,MF,Alavés,28,1993,17,15,1300,14.4,5,0,5,0,0,8,1,0.35,0.00,0.35,0.35,0.35,2.9,2.9,0.1,3.0,0.20,0.01,0.21,0.20,0.21,Matches,3f79a1c8
169,Aarón Escandell,es ESP,GK,Granada,25,1995,4,3,284,3.2,0,0,0,0,0,1,1,0.00,0.00,0.00,0.00,0.00,0.0,0.0,0.0,0.0,0.00,0.00,0.00,0.00,0.00,Matches,67669ce7
170,Sergio Escudero,es ESP,DFMF,Granada,31,1989,27,15,1434,15.9,2,1,2,0,0,6,0,0.13,0.06,0.19,0.13,0.19,1.5,1.5,1.1,2.6,0.09,0.07,0.16,0.09,0.16,Matches,b0616e3d
171,Alfonso Espino,uy URU,DF,Cádiz,29,1992,37,37,3329,37.0,2,2,2,0,0,6,0,0.05,0.05,0.11,0.05,0.11,1.6,1.4,3.9,5.3,0.04,0.11,0.15,0.04,0.14,Matches,db001fa9
172,Estanis,es ESP,FW,Barcelona,17,2003,1,0,11,0.1,0,0,0,0,0,0,0,0.00,0.00,0.00,0.00,0.00,0.0,0.0,0.0,0.0,0.00,0.00,0.00,0.00,0.00,Matches,ace50e9f
173,Pervis Estupiñán,ec ECU,DF,Villarreal,23,1998,28,17,1575,17.5,0,1,0,0,0,3,0,0.00,0.06,0.06,0.00,0.06,0.7,0.7,1.9,2.6,0.04,0.11,0.15,0.04,0.15,Matches,d38fdf53
174,Abdessamad Ezzalzouli,ma MAR,FWDF,Barcelona,19,2001,10,6,580,6.4,1,0,1,0,0,4,0,0.16,0.00,0.16,0.16,0.16,1.3,1.3,0.6,1.9,0.20,0.09,0.29,0.20,0.29,Matches,bed68338
175,Radamel Falcao,co COL,FW,Rayo Vallecano,35,1986,22,8,838,9.3,6,0,6,0,0,1,0,0.64,0.00,0.64,0.64,0.64,4.4,4.4,0.7,5.1,0.47,0.07,0.55,0.47,0.55,Matches,66116290
176,Fali,es ESP,DFMF,Cádiz,27,1993,28,23,1803,20.0,0,2,0,0,0,6,0,0.00,0.10,0.10,0.00,0.10,0.8,0.8,1.0,1.8,0.04,0.05,0.09,0.04,0.09,Matches,72a84002
177,Omar Faraj,se SWE,FW,Levante,19,2002,1,0,4,0.0,0,0,0,0,0,0,0,0.00,0.00,0.00,0.00,0.00,0.0,0.0,0.0,0.0,0.00,0.00,0.00,0.00,0.00,Matches,de627c8a
178,Ansu Fati,es ESP,FW,Barcelona,18,2002,10,3,336,3.7,4,0,4,0,0,0,0,1.07,0.00,1.07,1.07,1.07,1.4,1.4,0.7,2.1,0.37,0.19,0.56,0.37,0.56,Matches,0ba976e4
179,Aleix Febas,es ESP,MF,Mallorca,25,1996,4,1,117,1.3,0,0,0,0,0,1,0,0.00,0.00,0.00,0.00,0.00,0.0,0.0,0.1,0.1,0.00,0.05,0.05,0.00,0.05,Matches,38126309
180,Nabil Fekir,fr FRA,MF,Betis,28,1993,34,33,2794,31.0,6,8,6,0,0,7,1,0.19,0.26,0.45,0.19,0.45,5.0,5.0,6.8,11.8,0.16,0.22,0.38,0.16,0.38,Matches,bece776f
181,Felipe,br BRA,DF,Atlético Madrid,32,1989,26,15,1504,16.7,2,1,2,0,0,5,1,0.12,0.06,0.18,0.12,0.18,1.0,1.0,0.4,1.4,0.06,0.03,0.09,0.06,0.09,Matches,51a3c4c8
182,João Félix,pt POR,FWMF,Atlético Madrid,21,1999,24,13,1263,14.0,8,4,8,0,0,3,1,0.57,0.29,0.86,0.57,0.86,5.0,5.0,3.7,8.6,0.36,0.26,0.62,0.36,0.62,Matches,8aafd64f
183,Aitor Fernández,es ESP,GK,Levante,30,1991,13,13,1166,13.0,0,0,0,0,0,1,1,0.00,0.00,0.00,0.00,0.00,0.0,0.0,0.0,0.0,0.00,0.00,0.00,0.00,0.00,Matches,a01c3d54
184,Álex Fernández,es ESP,MF,Cádiz,28,1992,32,22,2051,22.8,3,2,2,1,2,2,0,0.13,0.09,0.22,0.09,0.18,2.9,1.4,1.6,3.0,0.13,0.07,0.20,0.06,0.13,Matches,aa677a35
185,Fernando,br BRA,MFDF,Sevilla,34,1987,24,21,1850,20.6,1,1,1,0,0,6,0,0.05,0.05,0.10,0.05,0.10,0.6,0.6,0.3,0.9,0.03,0.01,0.04,0.03,0.04,Matches,41f32541
186,Fidel,es ESP,MFFW,Elche,31,1989,33,29,2261,25.1,5,6,4,1,1,9,0,0.20,0.24,0.44,0.16,0.40,3.1,2.3,5.1,7.4,0.12,0.20,0.32,0.09,0.29,Matches,eb82b6f1
187,José Fontán,es ESP,DF,Celta Vigo,21,2000,9,3,276,3.1,0,0,0,0,0,3,0,0.00,0.00,0.00,0.00,0.00,0.1,0.1,0.1,0.2,0.04,0.03,0.07,0.04,0.07,Matches,1827a42d
188,Dimitri Foulquier,fr FRA,DF,Valencia,28,1993,29,25,2342,26.0,0,1,0,0,0,11,0,0.00,0.04,0.04,0.00,0.04,0.8,0.8,0.7,1.5,0.03,0.03,0.06,0.03,0.06,Matches,45e17712
189,Dimitri Foulquier,fr FRA,DF,Granada,28,1993,2,2,180,2.0,0,0,0,0,0,0,0,0.00,0.00,0.00,0.00,0.00,0.0,0.0,0.0,0.0,0.00,0.01,0.01,0.00,0.01,Matches,45e17712
190,Juan Foyth,ar ARG,DF,Villarreal,23,1998,25,22,1924,21.4,1,1,1,0,0,6,1,0.05,0.05,0.09,0.05,0.09,0.5,0.5,1.8,2.3,0.02,0.08,0.11,0.02,0.11,Matches,6c7762c3
191,Enric Franquesa,es ESP,DF,Levante,24,1997,16,6,625,6.9,0,0,0,0,0,1,0,0.00,0.00,0.00,0.00,0.00,0.0,0.0,0.1,0.2,0.00,0.02,0.03,0.00,0.03,Matches,40883e3a
192,Jorge de Frutos,es ESP,MFFW,Levante,24,1997,25,20,1760,19.6,4,7,4,0,0,4,0,0.20,0.36,0.56,0.20,0.56,5.8,5.8,3.3,9.1,0.30,0.17,0.47,0.30,0.47,Matches,38ce1150
193,Javi Galán,es ESP,DF,Celta Vigo,26,1994,37,37,3298,36.6,0,3,0,0,0,8,0,0.00,0.08,0.08,0.00,0.08,0.4,0.4,2.2,2.6,0.01,0.06,0.07,0.01,0.07,Matches,a4b00319
194,Iñigo Ruiz de Galarreta,es ESP,MF,Mallorca,27,1993,22,17,1378,15.3,0,0,0,0,0,4,0,0.00,0.00,0.00,0.00,0.00,0.4,0.4,0.7,1.1,0.03,0.04,0.07,0.03,0.07,Matches,91f7631f
195,Thiago Galhardo,br BRA,FWMF,Celta Vigo,32,1989,31,9,1148,12.8,2,2,2,0,0,5,0,0.16,0.16,0.31,0.16,0.31,3.3,3.3,2.3,5.7,0.26,0.18,0.45,0.26,0.45,Matches,766f48dd
196,Álvaro García,es ESP,FW,Rayo Vallecano,28,1992,36,34,2998,33.3,7,4,7,0,0,6,0,0.21,0.12,0.33,0.21,0.33,6.3,6.3,5.1,11.4,0.19,0.15,0.34,0.19,0.34,Matches,90bbd822
197,Dani García,es ESP,MF,Athletic Club,31,1990,32,27,2177,24.2,0,0,0,0,0,9,0,0.00,0.00,0.00,0.00,0.00,0.8,0.8,0.5,1.3,0.03,0.02,0.05,0.03,0.05,Matches,240d3a0b
198,David García,es ESP,DF,Osasuna,27,1994,35,35,3105,34.5,4,0,4,0,0,8,0,0.12,0.00,0.12,0.12,0.12,1.3,1.3,0.3,1.6,0.04,0.01,0.05,0.04,0.05,Matches,3e42f707
199,Eric García,es ESP,DF,Barcelona,20,2001,26,23,2039,22.7,0,0,0,0,0,5,1,0.00,0.00,0.00,0.00,0.00,0.2,0.2,0.2,0.3,0.01,0.01,0.01,0.01,0.01,Matches,2bed3eab
200,Francisco Garcia,es ESP,DF,Rayo Vallecano,21,1999,34,34,3025,33.6,1,0,1,0,0,4,0,0.03,0.00,0.03,0.03,0.03,0.8,0.8,1.2,2.0,0.02,0.04,0.06,0.02,0.06,Matches,7226539b
201,Joan García,es ESP,GK,Espanyol,20,2001,2,1,108,1.2,0,0,0,0,0,0,0,0.00,0.00,0.00,0.00,0.00,0.0,0.0,0.0,0.0,0.00,0.00,0.00,0.00,0.00,Matches,87b498b0
202,Manu García,es ESP,MF,Alavés,23,1998,24,10,1077,12.0,0,1,0,0,0,3,0,0.00,0.08,0.08,0.00,0.08,0.3,0.3,1.1,1.4,0.03,0.09,0.12,0.03,0.12,Matches,6ed1a2a2
203,Raúl García,es ESP,FW,Athletic Club,35,1986,35,24,1802,20.0,6,2,6,0,1,3,0,0.30,0.10,0.40,0.30,0.40,6.0,5.2,2.7,7.9,0.30,0.13,0.43,0.26,0.39,Matches,b418dbd4
204,Rubén García,es ESP,FWMF,Osasuna,28,1993,37,30,2375,26.4,1,6,1,0,2,1,0,0.04,0.23,0.27,0.04,0.27,3.1,1.6,3.4,5.0,0.12,0.13,0.25,0.06,0.19,Matches,5c96b017
205,Saúl García,es ESP,FW,Alavés,26,1994,1,0,4,0.0,0,0,0,0,0,0,0,0.00,0.00,0.00,0.00,0.00,0.0,0.0,0.0,0.0,0.00,0.00,0.00,0.00,0.00,Matches,dafa5038
206,Unai García,es ESP,DF,Osasuna,29,1992,18,15,1408,15.6,0,0,0,0,0,5,0,0.00,0.00,0.00,0.00,0.00,0.4,0.4,0.1,0.5,0.02,0.01,0.03,0.02,0.03,Matches,4a633cfe
207,Mario Gaspar,es ESP,DF,Villarreal,30,1990,12,7,623,6.9,0,0,0,0,0,1,0,0.00,0.00,0.00,0.00,0.00,0.2,0.2,0.5,0.8,0.03,0.08,0.11,0.03,0.11,Matches,fb5d47b3
208,Óscar Gil,es ESP,DF,Espanyol,23,1998,22,20,1688,18.8,0,2,0,0,0,7,0,0.00,0.11,0.11,0.00,0.11,0.3,0.3,2.5,2.8,0.01,0.14,0.15,0.01,0.15,Matches,6652cf96
209,Mario Gila,es ESP,DF,Real Madrid,20,2000,2,0,25,0.3,0,0,0,0,0,0,0,0.00,0.00,0.00,0.00,0.00,0.0,0.0,0.0,0.0,0.00,0.00,0.00,0.00,0.00,Matches,9c435456
210,Dani Gómez,es ESP,FW,Levante,23,1998,28,11,1063,11.8,4,2,4,0,0,1,0,0.34,0.17,0.51,0.34,0.51,5.0,5.0,2.2,7.1,0.42,0.18,0.60,0.42,0.60,Matches,0e5ddc7c
211,Maxi Gómez,uy URU,FW,Valencia,24,1996,29,21,1956,21.7,5,1,5,0,0,7,1,0.23,0.05,0.28,0.23,0.28,5.2,5.2,1.9,7.1,0.24,0.09,0.33,0.24,0.33,Matches,4c2e9442
212,Moi Gómez,es ESP,MFFW,Villarreal,27,1994,29,13,1286,14.3,2,2,2,0,0,2,0,0.14,0.14,0.28,0.14,0.28,2.7,2.7,2.3,5.0,0.19,0.16,0.35,0.19,0.35,Matches,5a626448
213,Papu Gómez,ar ARG,MFFW,Sevilla,33,1988,29,19,1784,19.8,5,1,5,0,0,4,0,0.25,0.05,0.30,0.25,0.30,2.5,2.4,2.0,4.3,0.13,0.10,0.23,0.12,0.22,Matches,6e4df551
214,Sergi Gómez,es ESP,DF,Espanyol,29,1992,31,31,2720,30.2,1,2,1,0,0,1,1,0.03,0.07,0.10,0.03,0.10,0.9,0.9,0.8,1.7,0.03,0.02,0.05,0.03,0.05,Matches,bc6f5f06
215,Maxime Gonalons,fr FRA,MF,Granada,32,1989,25,20,1550,17.2,0,2,0,0,0,6,0,0.00,0.12,0.12,0.00,0.12,0.4,0.4,0.8,1.3,0.02,0.05,0.07,0.02,0.07,Matches,b8c1de25
216,Diego González,es ESP,DF,Elche,26,1995,28,19,1793,19.9,0,0,0,0,0,3,1,0.00,0.00,0.00,0.00,0.00,0.2,0.2,0.1,0.3,0.01,0.00,0.01,0.01,0.01,Matches,4ac7608e
217,Édgar González,es ESP,DF,Betis,24,1997,21,14,1464,16.3,1,1,1,0,0,6,0,0.06,0.06,0.12,0.06,0.12,1.0,1.0,0.6,1.7,0.06,0.04,0.10,0.06,0.10,Matches,49d028db
218,Giovanni González,uy URU,DF,Mallorca,26,1994,9,3,365,4.1,1,0,1,0,0,1,0,0.25,0.00,0.25,0.25,0.25,0.5,0.5,0.8,1.4,0.14,0.21,0.34,0.14,0.34,Matches,1fc474ae
219,Nicolás González,es ESP,MF,Barcelona,19,2002,27,12,1114,12.4,2,1,2,0,0,6,0,0.16,0.08,0.24,0.16,0.24,1.4,1.4,1.2,2.6,0.11,0.10,0.21,0.11,0.21,Matches,2c56a792
220,Peter González,do DOM,MFDF,Real Madrid,19,2002,3,0,27,0.3,0,0,0,0,0,0,0,0.00,0.00,0.00,0.00,0.00,0.4,0.4,0.3,0.7,1.31,1.12,2.43,1.31,2.43,Matches,1ccd3dae
221,Roberto González,es ESP,FWMF,Betis,20,2001,4,1,135,1.5,0,0,0,0,0,0,0,0.00,0.00,0.00,0.00,0.00,0.2,0.2,0.0,0.2,0.10,0.00,0.10,0.10,0.10,Matches,56545648
222,Gori,es ESP,MF,Espanyol,19,2002,1,0,9,0.1,0,0,0,0,0,1,0,0.00,0.00,0.00,0.00,0.00,0.0,0.0,0.0,0.0,0.00,0.00,0.00,0.00,0.00,Matches,f3451c66
223,Andoni Gorosabel,es ESP,DF,Real Sociedad,24,1996,32,25,2289,25.4,0,4,0,0,0,4,0,0.00,0.16,0.16,0.00,0.16,0.6,0.6,2.8,3.3,0.02,0.11,0.13,0.02,0.13,Matches,6f5f82c0
224,Jaume Grau,es ESP,MF,Osasuna,24,1997,1,0,3,0.0,0,0,0,0,0,0,0,0.00,0.00,0.00,0.00,0.00,0.0,0.0,0.0,0.0,0.00,0.00,0.00,0.00,0.00,Matches,fc3d2006
225,Dominik Greif,sk SVK,GK,Mallorca,24,1997,1,1,90,1.0,0,0,0,0,0,0,0,0.00,0.00,0.00,0.00,0.00,0.0,0.0,0.0,0.0,0.00,0.00,0.00,0.00,0.00,Matches,30061f53
226,Clément Grenier,fr FRA,MF,Mallorca,30,1991,5,0,60,0.7,1,0,1,0,0,1,0,1.50,0.00,1.50,1.50,1.50,0.4,0.4,0.0,0.4,0.57,0.04,0.61,0.57,0.61,Matches,8b298f56
227,Antoine Griezmann,fr FRA,FWMF,Atlético Madrid,30,1991,26,21,1695,18.8,3,4,3,0,0,3,0,0.16,0.21,0.37,0.16,0.37,4.8,4.8,3.4,8.2,0.25,0.18,0.43,0.25,0.43,Matches,df69b544
228,Antoine Griezmann,fr FRA,FW,Barcelona,30,1991,3,3,263,2.9,0,0,0,0,0,0,0,0.00,0.00,0.00,0.00,0.00,0.4,0.4,0.0,0.4,0.12,0.00,0.12,0.12,0.12,Matches,df69b544
229,Arnaut Groeneveld,nl NED,FW,Villarreal,24,1997,23,17,1472,16.4,10,3,7,3,3,1,0,0.61,0.18,0.79,0.43,0.61,12.5,10.2,1.8,12.0,0.76,0.11,0.87,0.62,0.73,Matches,f08490a6
230,Andrés Guardado,mx MEX,MF,Betis,34,1986,28,17,1393,15.5,0,1,0,0,0,4,0,0.00,0.06,0.06,0.00,0.06,0.8,0.8,0.5,1.3,0.05,0.03,0.08,0.05,0.08,Matches,ef322658
231,Sergi Guardiola,es ESP,FW,Rayo Vallecano,30,1991,32,20,1710,19.0,8,2,7,1,1,3,0,0.42,0.11,0.53,0.37,0.47,7.2,6.4,1.4,7.8,0.38,0.07,0.45,0.34,0.41,Matches,32974271
232,Nemanja Gudelj,rs SRB,MFDF,Sevilla,29,1991,21,9,1046,11.6,0,0,0,0,0,5,0,0.00,0.00,0.00,0.00,0.00,0.1,0.1,0.1,0.2,0.01,0.01,0.02,0.01,0.02,Matches,0076ab7f
233,Gonçalo Guedes,pt POR,FWMF,Valencia,24,1996,36,30,2606,29.0,11,6,10,1,2,3,0,0.38,0.21,0.59,0.35,0.55,6.5,4.9,4.0,8.9,0.23,0.14,0.36,0.17,0.31,Matches,e6bc67d7
234,Ander Guevara,es ESP,MF,Real Sociedad,24,1997,17,11,867,9.6,0,0,0,0,0,2,0,0.00,0.00,0.00,0.00,0.00,0.1,0.1,0.2,0.2,0.01,0.02,0.03,0.01,0.03,Matches,8e48dc61
235,John Guidetti,se SWE,FWMF,Alavés,29,1992,10,2,279,3.1,0,0,0,0,0,2,0,0.00,0.00,0.00,0.00,0.00,0.5,0.5,0.3,0.8,0.17,0.10,0.27,0.17,0.27,Matches,99bebd12
236,Hugo Guillamón,es ESP,MFDF,Valencia,21,2000,31,28,2361,26.2,1,0,1,0,0,11,2,0.04,0.00,0.04,0.04,0.04,0.3,0.3,0.4,0.7,0.01,0.02,0.03,0.01,0.03,Matches,f7c12fbf
237,Gerard Gumbau,es ESP,MF,Elche,26,1994,31,20,1890,21.0,0,4,0,0,0,8,1,0.00,0.19,0.19,0.00,0.19,0.9,0.9,2.1,3.0,0.04,0.10,0.14,0.04,0.14,Matches,ac454a4f
238,Jon Guridi,es ESP,MF,Real Sociedad,26,1995,8,1,206,2.3,1,0,1,0,0,0,0,0.44,0.00,0.44,0.44,0.44,0.7,0.7,0.2,0.9,0.29,0.09,0.39,0.29,0.39,Matches,4c0a6a48
239,Raúl Guti,es ESP,MF,Elche,24,1996,31,17,1627,18.1,0,0,0,0,0,4,1,0.00,0.00,0.00,0.00,0.00,1.3,1.3,0.2,1.5,0.07,0.01,0.08,0.07,0.08,Matches,0b2c8585
240,Marcos Mauro López Gutiérrez,ar ARG,DF,Cádiz,30,1991,3,1,136,1.5,0,0,0,0,0,1,0,0.00,0.00,0.00,0.00,0.00,0.0,0.0,0.0,0.0,0.00,0.00,0.00,0.00,0.00,Matches,b3b62f94
241,Miguel Gutiérrez,es ESP,DF,Real Madrid,20,2001,3,3,260,2.9,0,1,0,0,0,1,0,0.00,0.35,0.35,0.00,0.35,0.0,0.0,0.5,0.5,0.00,0.17,0.17,0.00,0.17,Matches,7e98cff1
242,Munir El Haddadi,ma MAR,FWMF,Sevilla,25,1995,16,4,474,5.3,2,0,2,0,0,3,0,0.38,0.00,0.38,0.38,0.38,1.6,1.6,0.6,2.2,0.30,0.11,0.42,0.30,0.42,Matches,8696bc90
243,Varazdat Haroyan,am ARM,DF,Cádiz,28,1992,17,16,1437,16.0,1,0,1,0,0,9,0,0.06,0.00,0.06,0.06,0.06,0.6,0.6,0.2,0.8,0.04,0.01,0.05,0.04,0.05,Matches,be32269e
244,Eden Hazard,be BEL,FWMF,Real Madrid,30,1991,18,7,717,8.0,0,1,0,0,0,3,0,0.00,0.13,0.13,0.00,0.13,1.2,1.2,2.6,3.7,0.15,0.32,0.47,0.15,0.47,Matches,a39bb753
245,Kike Hermoso,es ESP,DF,Betis,21,1999,1,1,90,1.0,1,0,1,0,0,0,0,1.00,0.00,1.00,1.00,1.00,0.2,0.2,0.0,0.2,0.16,0.00,0.16,0.16,0.16,Matches,dea912dc
246,Mario Hermoso,es ESP,DF,Atlético Madrid,26,1995,26,21,1865,20.7,2,1,2,0,0,6,1,0.10,0.05,0.14,0.10,0.14,2.0,2.0,0.6,2.6,0.10,0.03,0.13,0.10,0.13,Matches,555f3a0b
247,Aridane Hernández,gq EQG,DF,Osasuna,32,1989,15,12,1159,12.9,0,0,0,0,0,1,0,0.00,0.00,0.00,0.00,0.00,0.1,0.1,0.1,0.2,0.01,0.01,0.02,0.01,0.02,Matches,132ac341
248,Luis Hernández,es ESP,DF,Cádiz,32,1989,16,15,1366,15.2,0,0,0,0,0,5,0,0.00,0.00,0.00,0.00,0.00,0.4,0.4,0.1,0.5,0.03,0.00,0.03,0.03,0.03,Matches,02d2c436
249,Mario Hernández,es ESP,DFFW,Rayo Vallecano,22,1999,9,5,395,4.4,1,0,1,0,0,3,0,0.23,0.00,0.23,0.23,0.23,0.4,0.4,0.0,0.5,0.10,0.01,0.11,0.10,0.11,Matches,90162357
250,Héctor Herrera,mx MEX,MF,Atlético Madrid,31,1990,21,8,859,9.5,0,0,0,0,0,4,0,0.00,0.00,0.00,0.00,0.00,0.5,0.5,0.4,0.9,0.05,0.04,0.10,0.05,0.10,Matches,a8542814
251,Sergio Herrera,es ESP,GK,Osasuna,28,1993,36,36,3240,36.0,0,0,0,0,0,3,0,0.00,0.00,0.00,0.00,0.00,0.0,0.0,0.0,0.0,0.00,0.00,0.00,0.00,0.00,Matches,a4995f48
252,Yangel Herrera,ve VEN,MF,Espanyol,23,1998,23,19,1645,18.3,1,1,1,0,0,7,1,0.05,0.05,0.11,0.05,0.11,1.0,1.0,0.8,1.8,0.06,0.04,0.10,0.06,0.10,Matches,e778654a
253,Matthew Hoppe,us USA,FW,Mallorca,20,2001,5,1,131,1.5,0,1,0,0,0,0,0,0.00,0.69,0.69,0.00,0.69,0.1,0.1,0.2,0.3,0.07,0.11,0.18,0.07,0.18,Matches,1bc432b7
254,Robert Ibáñez,es ESP,MF,Osasuna,28,1993,4,1,93,1.0,0,0,0,0,0,0,0,0.00,0.00,0.00,0.00,0.00,0.4,0.4,0.2,0.6,0.38,0.16,0.55,0.38,0.55,Matches,c7429db3
255,Vicente Iborra,es ESP,MF,Villarreal,33,1988,20,12,1034,11.5,0,1,0,0,0,4,0,0.00,0.09,0.09,0.00,0.09,0.8,0.8,0.6,1.4,0.07,0.05,0.12,0.07,0.12,Matches,ad1ffcfd
256,Oussama Idrissi,ma MAR,FWMF,Sevilla,25,1996,5,2,127,1.4,0,0,0,0,0,1,0,0.00,0.00,0.00,0.00,0.00,0.1,0.1,0.1,0.2,0.08,0.08,0.16,0.08,0.16,Matches,34caa4b3
257,Oussama Idrissi,ma MAR,MF,Cádiz,25,1996,12,11,902,10.0,1,1,1,0,0,2,0,0.10,0.10,0.20,0.10,0.20,1.9,1.9,2.0,3.9,0.19,0.20,0.39,0.19,0.39,Matches,34caa4b3
258,Iglesias,es ESP,DF,Getafe,23,1998,20,7,719,8.0,0,1,0,0,0,1,0,0.00,0.13,0.13,0.00,0.13,0.1,0.1,1.0,1.1,0.01,0.13,0.14,0.01,0.14,Matches,974322dc
259,Borja Iglesias,es ESP,FW,Betis,28,1993,33,18,1573,17.5,10,0,7,3,3,4,0,0.57,0.00,0.57,0.40,0.40,8.5,6.2,3.1,9.3,0.48,0.18,0.66,0.35,0.53,Matches,75645f0e
260,Asier Illarramendi,es ESP,MF,Real Sociedad,31,1990,8,6,374,4.2,0,0,0,0,0,1,0,0.00,0.00,0.00,0.00,0.00,0.0,0.0,0.2,0.2,0.00,0.06,0.06,0.00,0.06,Matches,5ce0b5ba
261,Nikita Iosifov,ru RUS,MF,Villarreal,20,2001,1,0,1,0.0,0,0,0,0,0,0,0,0.00,0.00,0.00,0.00,0.00,0.0,0.0,0.0,0.0,0.00,0.00,0.00,0.00,0.00,Matches,4c2fa917
262,Alexander Isak,se SWE,FW,Real Sociedad,21,1999,32,26,2140,23.8,6,2,4,2,3,6,0,0.25,0.08,0.34,0.17,0.25,10.9,8.6,3.0,11.7,0.46,0.13,0.59,0.36,0.49,Matches,8e92be30
263,Isco,es ESP,MFFW,Real Madrid,29,1992,14,3,331,3.7,1,0,1,0,0,1,0,0.27,0.00,0.27,0.27,0.27,1.2,1.2,1.0,2.2,0.32,0.28,0.60,0.32,0.60,Matches,a0b4bb3e
264,Nicolas Jackson,sn SEN,FW,Villarreal,20,2001,9,0,165,1.8,0,0,0,0,0,1,0,0.00,0.00,0.00,0.00,0.00,0.8,0.8,0.5,1.2,0.42,0.25,0.66,0.42,0.66,Matches,9c36ed83
265,Jakub Jankto,cz CZE,DFMF,Getafe,25,1996,14,6,587,6.5,0,2,0,0,0,1,1,0.00,0.31,0.31,0.00,0.31,0.2,0.2,1.0,1.2,0.03,0.15,0.18,0.03,0.18,Matches,1ea5f91c
266,Adnan Januzaj,be BEL,FWMF,Real Sociedad,26,1995,33,17,1625,18.1,3,0,1,2,2,5,0,0.17,0.00,0.17,0.06,0.06,4.0,2.5,3.4,5.9,0.22,0.19,0.41,0.14,0.33,Matches,4737cebe
267,Jason,es ESP,MFFW,Alavés,27,1994,14,10,678,7.5,0,1,0,0,0,1,0,0.00,0.13,0.13,0.00,0.13,0.6,0.6,1.7,2.3,0.08,0.22,0.31,0.08,0.31,Matches,9038c2a1
268,Jason,es ESP,MFDF,Valencia,27,1994,5,1,75,0.8,0,0,0,0,0,2,0,0.00,0.00,0.00,0.00,0.00,0.1,0.1,0.1,0.2,0.07,0.17,0.24,0.07,0.24,Matches,9038c2a1
269,Luis Javier Suárez,co COL,FW,Granada,23,1997,37,34,2844,31.6,8,4,8,0,1,6,0,0.25,0.13,0.38,0.25,0.38,10.8,10.1,2.5,12.5,0.34,0.08,0.42,0.32,0.40,Matches,eeba07f8
270,Álvaro Jiménez,es ESP,MFFW,Cádiz,26,1995,9,1,234,2.6,0,0,0,0,0,0,0,0.00,0.00,0.00,0.00,0.00,0.1,0.1,0.1,0.2,0.05,0.03,0.08,0.05,0.08,Matches,5f5501ed
271,Joaquín,es ESP,FWMF,Betis,40,1981,21,2,471,5.2,0,1,0,0,0,0,0,0.00,0.19,0.19,0.00,0.19,1.9,1.9,1.5,3.3,0.36,0.28,0.64,0.36,0.64,Matches,4c5b14d2
272,Jofre,es ESP,MFDF,Espanyol,20,2001,3,0,20,0.2,0,1,0,0,0,0,0,0.00,4.50,4.50,0.00,4.50,0.0,0.0,0.3,0.3,0.00,1.57,1.57,0.00,1.57,Matches,030ef8d6
273,Frenkie de Jong,nl NED,MF,Barcelona,24,1997,32,30,2476,27.5,3,3,3,0,0,7,1,0.11,0.11,0.22,0.11,0.22,4.5,4.5,3.1,7.6,0.16,0.11,0.28,0.16,0.28,Matches,1bacc518
274,Luuk de Jong,nl NED,FW,Barcelona,30,1990,21,6,654,7.3,6,0,6,0,0,1,0,0.83,0.00,0.83,0.83,0.83,3.7,3.7,0.2,3.9,0.51,0.03,0.53,0.51,0.53,Matches,abb3bb95
275,Jens Jønsson,dk DEN,MF,Cádiz,28,1993,22,17,1303,14.5,0,1,0,0,0,3,0,0.00,0.07,0.07,0.00,0.07,0.4,0.4,0.9,1.3,0.03,0.07,0.09,0.03,0.09,Matches,53520a67
276,Joan Jordán,es ESP,MF,Sevilla,27,1994,36,31,2514,27.9,0,1,0,0,0,9,0,0.00,0.04,0.04,0.00,0.04,0.9,0.9,1.5,2.4,0.03,0.05,0.09,0.03,0.09,Matches,2a0c8ba4
277,Josan,es ESP,DFMF,Elche,31,1989,31,10,1211,13.5,2,3,2,0,0,2,0,0.15,0.22,0.37,0.15,0.37,1.2,1.2,3.6,4.8,0.09,0.27,0.36,0.09,0.36,Matches,5b28b2f6
278,Willian José,br BRA,FW,Betis,29,1991,32,19,1604,17.8,9,4,6,3,3,2,0,0.50,0.22,0.73,0.34,0.56,6.4,4.1,2.8,6.9,0.36,0.16,0.51,0.23,0.38,Matches,d87e2cae
279,Joselu,es ESP,FW,Alavés,31,1990,37,35,3122,34.7,14,4,8,6,7,0,0,0.40,0.12,0.52,0.23,0.35,12.4,7.0,4.0,11.0,0.36,0.12,0.47,0.20,0.32,Matches,6265208f
280,Josema,es ESP,DF,Elche,25,1996,6,1,183,2.0,0,0,0,0,0,0,0,0.00,0.00,0.00,0.00,0.00,0.0,0.0,0.1,0.1,0.00,0.05,0.05,0.00,0.05,Matches,ed3f5f4c
281,Luka Jović,rs SRB,FW,Real Madrid,23,1997,15,1,369,4.1,1,3,1,0,0,1,0,0.24,0.73,0.98,0.24,0.98,2.3,2.3,0.8,3.1,0.57,0.20,0.76,0.57,0.76,Matches,4d8cd038
282,Miguel Juan Llambrich,es ESP,DF,Espanyol,25,1996,2,1,70,0.8,0,0,0,0,0,0,0,0.00,0.00,0.00,0.00,0.00,0.0,0.0,0.0,0.0,0.00,0.00,0.00,0.00,0.00,Matches,d83f09ff
283,José Juan Macías,mx MEX,FWMF,Getafe,21,1999,7,2,201,2.2,0,0,0,0,0,1,0,0.00,0.00,0.00,0.00,0.00,0.2,0.2,0.0,0.2,0.09,0.00,0.09,0.09,0.09,Matches,1f1c8a15
284,Juanmi,es ESP,FW,Betis,28,1993,33,26,2131,23.7,16,4,16,0,0,5,0,0.68,0.17,0.84,0.68,0.84,11.8,11.8,2.5,14.3,0.50,0.11,0.61,0.50,0.61,Matches,84399660
285,Lago Junior,ci CIV,FWMF,Mallorca,30,1990,6,1,177,2.0,0,0,0,0,0,0,0,0.00,0.00,0.00,0.00,0.00,0.3,0.3,0.0,0.3,0.16,0.00,0.16,0.16,0.16,Matches,360d70f8
286,Vinicius Júnior,br BRA,FW,Real Madrid,21,2000,35,30,2690,29.9,17,10,17,0,0,6,0,0.57,0.33,0.90,0.57,0.90,13.1,13.1,7.8,20.9,0.44,0.26,0.70,0.44,0.70,Matches,7111d552
287,Jutglà,es ESP,FW,Barcelona,22,1999,6,4,301,3.3,1,0,1,0,0,1,0,0.30,0.00,0.30,0.30,0.30,1.6,1.6,0.4,2.0,0.47,0.13,0.60,0.47,0.60,Matches,2a9f6b4d
288,Lee Kangin,kr KOR,MFFW,Mallorca,20,2001,30,15,1411,15.7,1,2,1,0,0,4,1,0.06,0.13,0.19,0.06,0.19,1.4,1.4,2.2,3.6,0.09,0.14,0.23,0.09,0.23,Matches,8455ad90
289,Kike,es ESP,FW,Osasuna,31,1989,33,18,1862,20.7,5,1,4,1,1,2,0,0.24,0.05,0.29,0.19,0.24,7.0,6.2,2.1,8.3,0.34,0.10,0.44,0.30,0.40,Matches,e897d8ba
290,Koba Koindredi,fr FRA,MF,Valencia,19,2001,10,1,181,2.0,0,0,0,0,0,1,0,0.00,0.00,0.00,0.00,0.00,0.0,0.0,0.1,0.1,0.01,0.04,0.05,0.01,0.05,Matches,3a58d075
291,Koke,es ESP,MF,Atlético Madrid,29,1992,31,29,2508,27.9,1,2,1,0,0,6,0,0.04,0.07,0.11,0.04,0.11,1.0,1.0,1.9,2.9,0.04,0.07,0.10,0.04,0.10,Matches,55126f3b
292,Luca Koleosho,ca CAN,FW,Espanyol,16,2004,1,0,1,0.0,0,0,0,0,0,0,0,0.00,0.00,0.00,0.00,0.00,0.0,0.0,0.0,0.0,0.00,0.00,0.00,0.00,0.00,Matches,fc076f78
293,Geoffrey Kondogbia,cf CTA,MFDF,Atlético Madrid,28,1993,28,21,1882,20.9,1,2,1,0,0,13,2,0.05,0.10,0.14,0.05,0.14,0.5,0.5,1.0,1.4,0.02,0.05,0.07,0.02,0.07,Matches,cce181df
294,Jules Koundé,fr FRA,DF,Sevilla,22,1998,32,31,2736,30.4,2,1,2,0,0,2,2,0.07,0.03,0.10,0.07,0.10,1.2,1.2,1.9,3.1,0.04,0.06,0.10,0.04,0.10,Matches,4d1666ff
295,Toni Kroos,de GER,MF,Real Madrid,31,1990,28,25,2103,23.4,1,3,1,0,0,4,0,0.04,0.13,0.17,0.04,0.17,2.0,2.0,3.5,5.5,0.08,0.15,0.23,0.08,0.23,Matches,6ce1f46f
296,Takefusa Kubo,jp JPN,FWMF,Mallorca,20,2001,28,17,1605,17.8,1,0,1,0,0,4,0,0.06,0.00,0.06,0.06,0.06,3.1,3.1,2.6,5.7,0.17,0.15,0.32,0.17,0.32,Matches,16aa3654
297,Víctor Laguardia,es ESP,DF,Alavés,31,1989,34,34,3042,33.8,3,2,3,0,0,9,0,0.09,0.06,0.15,0.09,0.15,1.9,1.9,0.2,2.1,0.06,0.00,0.06,0.06,0.06,Matches,b7c99b9b
298,Diego Lainez,mx MEX,FW,Betis,21,2000,7,1,140,1.6,0,0,0,0,0,0,0,0.00,0.00,0.00,0.00,0.00,0.1,0.1,0.2,0.3,0.03,0.13,0.16,0.03,0.16,Matches,bf12926c
299,Érik Lamela,ar ARG,FW,Sevilla,29,1992,20,10,1015,11.3,5,2,5,0,0,5,0,0.44,0.18,0.62,0.44,0.62,2.7,2.7,1.9,4.6,0.24,0.17,0.41,0.24,0.41,Matches,abe66106
300,Latasa,es ESP,FW,Real Madrid,20,2001,1,0,9,0.1,0,0,0,0,0,0,0,0.00,0.00,0.00,0.00,0.00,0.1,0.1,0.0,0.1,1.19,0.00,1.19,1.19,1.19,Matches,2bea832e
301,Toni Lato,es ESP,DFMF,Valencia,23,1997,11,7,590,6.6,0,1,0,0,0,5,0,0.00,0.15,0.15,0.00,0.15,0.0,0.0,0.5,0.5,0.00,0.07,0.07,0.00,0.07,Matches,8e088e04
302,Robin Le Normand,fr FRA,DF,Real Sociedad,24,1996,37,37,3330,37.0,1,1,1,0,0,6,0,0.03,0.03,0.05,0.03,0.05,1.3,1.3,0.2,1.5,0.03,0.01,0.04,0.03,0.04,Matches,9a64e67e
303,Jeremías Ledesma,ar ARG,GK,Cádiz,28,1993,38,38,3420,38.0,0,0,0,0,0,4,0,0.00,0.00,0.00,0.00,0.00,0.0,0.0,0.0,0.0,0.00,0.00,0.00,0.00,0.00,Matches,6c4776b1
304,Wu Lei,cn CHN,FWMF,Espanyol,29,1991,23,4,474,5.3,1,0,1,0,0,0,0,0.19,0.00,0.19,0.19,0.19,0.7,0.7,1.0,1.7,0.14,0.18,0.33,0.14,0.33,Matches,e3fabb0a
305,Florian Lejeune,fr FRA,DF,Alavés,30,1991,30,30,2699,30.0,0,0,0,0,0,9,1,0.00,0.00,0.00,0.00,0.00,1.6,1.6,0.3,1.8,0.05,0.01,0.06,0.05,0.06,Matches,6eaed4eb
306,Iñigo Lekue,es ESP,DF,Athletic Club,28,1993,25,22,1925,21.4,0,2,0,0,0,3,0,0.00,0.09,0.09,0.00,0.09,0.2,0.2,2.1,2.3,0.01,0.10,0.11,0.01,0.11,Matches,59b7d823
307,Thomas Lemar,fr FRA,MF,Atlético Madrid,25,1995,24,17,1440,16.0,4,5,4,0,0,2,0,0.25,0.31,0.56,0.25,0.56,3.4,3.4,3.1,6.4,0.21,0.19,0.40,0.21,0.40,Matches,4dbd0916
308,Ruben Lendinez,es ESP,DF,Valencia,18,2003,4,1,137,1.5,0,0,0,0,0,2,0,0.00,0.00,0.00,0.00,0.00,0.0,0.0,0.0,0.0,0.01,0.00,0.01,0.01,0.01,Matches,755da865
309,Clément Lenglet,fr FRA,DF,Barcelona,26,1995,21,7,826,9.2,0,1,0,0,0,4,0,0.00,0.11,0.11,0.00,0.11,0.1,0.1,0.6,0.7,0.02,0.06,0.08,0.02,0.08,Matches,4f28a6ff
310,Javier Llabrés,,FWMF,Mallorca,,,5,1,132,1.5,0,0,0,0,0,0,0,0.00,0.00,0.00,0.00,0.00,0.1,0.1,0.1,0.2,0.10,0.05,0.15,0.10,0.15,Matches,38b0cf42
311,Marcos Llorente,es ESP,DFMF,Atlético Madrid,26,1995,29,29,2447,27.2,0,2,0,0,0,5,0,0.00,0.07,0.07,0.00,0.07,0.8,0.8,2.8,3.6,0.03,0.10,0.13,0.03,0.13,Matches,02c15616
312,Giovani Lo Celso,ar ARG,MFFW,Villarreal,25,1996,16,11,994,11.0,1,1,1,0,0,3,0,0.09,0.09,0.18,0.09,0.18,1.3,1.3,2.2,3.5,0.12,0.20,0.31,0.12,0.31,Matches,d7553721
313,Julen Lobete,es ESP,FWMF,Real Sociedad,20,2000,13,2,284,3.2,2,0,2,0,0,0,0,0.63,0.00,0.63,0.63,0.63,1.5,1.5,0.0,1.5,0.48,0.00,0.49,0.48,0.49,Matches,a952a529
314,Renan Lodi,br BRA,DF,Atlético Madrid,23,1998,29,13,1181,13.1,2,2,2,0,0,4,0,0.15,0.15,0.30,0.15,0.30,0.7,0.7,1.9,2.6,0.05,0.15,0.20,0.05,0.20,Matches,ed9f7cfe
315,David López,es ESP,MFDF,Espanyol,31,1989,18,8,743,8.3,0,0,0,0,0,1,0,0.00,0.00,0.00,0.00,0.00,0.5,0.5,0.4,0.9,0.06,0.05,0.11,0.06,0.11,Matches,f03f284b
316,Diego López,es ESP,GK,Espanyol,39,1981,36,36,3177,35.3,0,0,0,0,0,4,0,0.00,0.00,0.00,0.00,0.00,0.0,0.0,0.0,0.0,0.00,0.00,0.00,0.00,0.00,Matches,73683fa9
317,Javi López,es ESP,DF,Alavés,19,2002,9,4,462,5.1,0,0,0,0,0,2,0,0.00,0.00,0.00,0.00,0.00,0.0,0.0,0.3,0.3,0.00,0.05,0.05,0.00,0.05,Matches,e9ada8cf
318,Unai López,es ESP,MF,Rayo Vallecano,25,1995,27,13,1160,12.9,0,0,0,0,0,5,0,0.00,0.00,0.00,0.00,0.00,1.2,1.2,1.7,2.9,0.09,0.13,0.22,0.09,0.22,Matches,88050721
319,Anthony Lozano,hn HON,FWMF,Cádiz,28,1993,31,21,1672,18.6,7,2,7,0,0,8,0,0.38,0.11,0.48,0.38,0.48,5.2,5.2,1.0,6.2,0.28,0.06,0.34,0.28,0.34,Matches,38699c72
320,Florentino Luís,pt POR,MF,Getafe,21,1999,22,9,992,11.0,0,1,0,0,0,2,0,0.00,0.09,0.09,0.00,0.09,0.1,0.1,0.3,0.3,0.01,0.03,0.03,0.01,0.03,Matches,881cd6be
321,José Luis Gayà,es ESP,DF,Valencia,26,1995,24,22,1871,20.8,2,4,2,0,0,8,2,0.10,0.19,0.29,0.10,0.29,1.0,1.0,2.2,3.1,0.05,0.10,0.15,0.05,0.15,Matches,b05e2dbd
322,José Luis Morales,es ESP,FWMF,Levante,34,1987,35,31,2719,30.2,13,7,10,3,5,7,0,0.43,0.23,0.66,0.33,0.56,14.4,10.6,6.9,17.5,0.48,0.23,0.71,0.35,0.58,Matches,4a478107
323,Luismi,es ESP,FW,Sevilla,20,2001,2,0,13,0.1,0,0,0,0,0,0,0,0.00,0.00,0.00,0.00,0.00,0.0,0.0,0.0,0.0,0.00,0.00,0.00,0.00,0.00,Matches,acf5410c
324,Andriy Lunin,ua UKR,GK,Real Madrid,22,1999,2,2,180,2.0,0,0,0,0,0,0,0,0.00,0.00,0.00,0.00,0.00,0.0,0.0,0.0,0.0,0.00,0.00,0.00,0.00,0.00,Matches,3061e1ec
325,Darwin Machís,ve VEN,MFFW,Granada,28,1993,25,16,1376,15.3,4,2,4,0,0,2,0,0.26,0.13,0.39,0.26,0.39,1.7,1.7,2.6,4.4,0.11,0.17,0.29,0.11,0.29,Matches,ed6ea4d9
326,Pablo Maffeo,es ESP,DF,Mallorca,24,1997,35,35,2945,32.7,1,4,1,0,0,10,0,0.03,0.12,0.15,0.03,0.15,1.7,1.7,2.4,4.1,0.05,0.07,0.12,0.05,0.12,Matches,5db04597
327,Nemanja Maksimović,rs SRB,MF,Getafe,26,1995,35,34,2936,32.6,1,2,1,0,0,5,0,0.03,0.06,0.09,0.03,0.09,2.5,2.5,0.7,3.2,0.08,0.02,0.10,0.08,0.10,Matches,00b28772
328,Hugo Mallo,es ESP,DF,Celta Vigo,30,1991,21,21,1826,20.3,1,1,1,0,0,5,2,0.05,0.05,0.10,0.05,0.10,1.4,1.4,1.7,3.1,0.07,0.08,0.16,0.07,0.16,Matches,cb574619
329,Mickael Malsa,mq MTQ,MF,Levante,25,1995,26,11,1143,12.7,1,2,1,0,0,7,0,0.08,0.16,0.24,0.08,0.24,1.0,1.0,0.9,1.9,0.08,0.07,0.15,0.08,0.15,Matches,bbc19252
330,Giorgi Mamardashvili,ge GEO,GK,Valencia,20,2000,18,18,1620,18.0,0,0,0,0,0,2,0,0.00,0.00,0.00,0.00,0.00,0.0,0.0,0.0,0.0,0.00,0.00,0.00,0.00,0.00,Matches,d4b73232
331,Reinildo Mandava,mz MOZ,DF,Atlético Madrid,27,1994,17,15,1298,14.4,0,0,0,0,0,5,0,0.00,0.00,0.00,0.00,0.00,0.2,0.2,0.1,0.3,0.02,0.01,0.02,0.02,0.02,Matches,c20bdcd7
332,Aïssa Mandi,dz ALG,DF,Villarreal,29,1991,17,14,1375,15.3,1,0,1,0,0,3,0,0.07,0.00,0.07,0.07,0.07,1.9,1.9,0.0,1.9,0.12,0.00,0.12,0.12,0.12,Matches,fbd6378b
333,Maranhão,br BRA,FWMF,Valencia,24,1996,29,8,973,10.8,1,3,1,0,0,3,0,0.09,0.28,0.37,0.09,0.37,3.5,3.5,1.4,4.9,0.33,0.13,0.45,0.33,0.45,Matches,ae86d473
334,Nikola Maraš,rs SRB,DF,Rayo Vallecano,25,1995,16,11,1044,11.6,0,0,0,0,0,4,0,0.00,0.00,0.00,0.00,0.00,0.1,0.1,0.0,0.1,0.01,0.00,0.01,0.01,0.01,Matches,b9d0446f
335,Marcelo,br BRA,DF,Real Madrid,33,1988,12,5,525,5.8,0,2,0,0,0,0,0,0.00,0.34,0.34,0.00,0.34,0.3,0.3,0.6,0.9,0.05,0.10,0.15,0.05,0.15,Matches,603116a7
336,Iván Marcone,ar ARG,MF,Elche,31,1990,20,10,809,9.0,0,0,0,0,0,5,0,0.00,0.00,0.00,0.00,0.00,0.1,0.1,0.0,0.1,0.01,0.00,0.01,0.01,0.01,Matches,b14f755d
337,Óscar de Marcos,es ESP,DF,Athletic Club,32,1989,22,19,1679,18.7,1,2,1,0,0,5,0,0.05,0.11,0.16,0.05,0.16,0.2,0.2,1.6,1.8,0.01,0.08,0.10,0.01,0.10,Matches,9f323c71
338,José Mari,es ESP,MF,Cádiz,33,1987,11,4,386,4.3,0,0,0,0,0,3,1,0.00,0.00,0.00,0.00,0.00,0.4,0.4,0.0,0.4,0.08,0.00,0.08,0.08,0.08,Matches,6f4c734d
339,José María Giménez,uy URU,DF,Atlético Madrid,26,1995,24,24,2042,22.7,1,1,1,0,0,7,0,0.04,0.04,0.09,0.04,0.09,1.2,1.2,0.1,1.3,0.05,0.00,0.06,0.05,0.06,Matches,f0da930c
340,Mariano,do DOM,FW,Real Madrid,27,1993,9,3,342,3.8,1,1,1,0,0,2,0,0.26,0.26,0.53,0.26,0.53,2.2,2.2,0.6,2.8,0.57,0.17,0.74,0.57,0.74,Matches,5c4dc0ff
341,Mika Màrmol,es ESP,DF,Barcelona,19,2002,1,0,1,0.0,0,0,0,0,0,0,0,0.00,0.00,0.00,0.00,0.00,0.0,0.0,0.0,0.0,0.00,0.00,0.00,0.00,0.00,Matches,e7630876
342,Roger Martí,es ESP,FW,Levante,30,1991,29,25,2115,23.5,7,3,6,1,3,8,0,0.30,0.13,0.43,0.26,0.38,8.1,5.9,1.7,7.5,0.35,0.07,0.42,0.25,0.32,Matches,0ae4e09a
343,Anthony Martial,fr FRA,FWMF,Sevilla,25,1995,9,7,490,5.4,0,1,0,0,0,1,0,0.00,0.18,0.18,0.00,0.18,0.3,0.3,0.2,0.5,0.06,0.03,0.09,0.06,0.09,Matches,8b788c01
344,Martín,es ESP,MF,Cádiz,22,1999,6,1,115,1.3,0,0,0,0,0,1,0,0.00,0.00,0.00,0.00,0.00,0.1,0.1,0.0,0.1,0.05,0.01,0.06,0.05,0.06,Matches,cbec0059
345,Ander Martin,es ESP,FWMF,Real Sociedad,20,2000,5,1,88,1.0,0,0,0,0,0,0,0,0.00,0.00,0.00,0.00,0.00,0.2,0.2,0.1,0.3,0.17,0.10,0.27,0.17,0.27,Matches,e1e75690
346,Andrés Martín,es ESP,FWMF,Rayo Vallecano,22,1999,7,1,186,2.1,0,0,0,0,0,0,0,0.00,0.00,0.00,0.00,0.00,0.4,0.4,0.0,0.4,0.18,0.00,0.18,0.18,0.18,Matches,2ae30661
347,Carlos Martín,es ESP,DF,Atlético Madrid,19,2002,1,0,6,0.1,0,0,0,0,0,1,0,0.00,0.00,0.00,0.00,0.00,0.0,0.0,0.0,0.0,0.00,0.00,0.00,0.00,0.00,Matches,64035864
348,Iván Martín,es ESP,MF,Alavés,22,1999,6,2,166,1.8,0,0,0,0,0,0,0,0.00,0.00,0.00,0.00,0.00,0.1,0.1,0.0,0.1,0.05,0.00,0.05,0.05,0.05,Matches,ae48c5cb
349,Iñigo Martínez,es ESP,DF,Athletic Club,30,1991,27,26,2341,26.0,3,0,3,0,0,9,2,0.12,0.00,0.12,0.12,0.12,2.1,2.1,0.5,2.5,0.08,0.02,0.10,0.08,0.10,Matches,3fc45c73
350,Javi Martínez,es ESP,MF,Osasuna,21,1999,26,9,879,9.8,1,1,1,0,0,1,0,0.10,0.10,0.20,0.10,0.20,0.8,0.8,1.0,1.7,0.08,0.10,0.18,0.08,0.18,Matches,3672b352
351,Pablo Martínez,es ESP,MF,Levante,23,1998,13,7,656,7.3,0,1,0,0,0,2,0,0.00,0.14,0.14,0.00,0.14,0.4,0.4,1.3,1.7,0.05,0.18,0.23,0.05,0.23,Matches,ecc77652
352,Omar Mascarell,es ESP,MF,Elche,28,1993,32,30,2493,27.7,0,0,0,0,0,6,0,0.00,0.00,0.00,0.00,0.00,0.6,0.6,0.2,0.8,0.02,0.01,0.03,0.02,0.03,Matches,11fd2b75
353,Jaime Mata,es ESP,FW,Getafe,32,1988,22,4,672,7.5,1,0,1,0,0,7,0,0.13,0.00,0.13,0.13,0.13,1.5,1.5,0.4,1.9,0.20,0.06,0.25,0.20,0.25,Matches,02319ad7
354,Luís Maximiano,pt POR,GK,Granada,22,1999,35,35,3136,34.8,0,0,0,0,0,2,0,0.00,0.00,0.00,0.00,0.00,0.0,0.0,0.0,0.0,0.00,0.00,0.00,0.00,0.00,Matches,3318286e
355,Borja Mayoral,es ESP,FW,Getafe,24,1997,18,11,1044,11.6,6,1,5,1,1,3,0,0.52,0.09,0.60,0.43,0.52,2.7,2.0,1.1,3.1,0.23,0.10,0.33,0.17,0.27,Matches,64e8ed6d
356,Jordi Mboula,es ESP,FW,Mallorca,22,1999,11,5,434,4.8,0,0,0,0,0,2,0,0.00,0.00,0.00,0.00,0.00,0.3,0.3,0.1,0.4,0.06,0.02,0.08,0.06,0.08,Matches,4887118d
357,Óscar Melendo,es ESP,MFFW,Espanyol,23,1997,21,14,990,11.0,0,0,0,0,0,0,0,0.00,0.00,0.00,0.00,0.00,0.7,0.7,1.1,1.8,0.06,0.10,0.16,0.06,0.16,Matches,379652be
358,Gonzalo Melero,es ESP,MF,Levante,27,1994,29,20,1692,18.8,7,2,5,2,2,5,0,0.37,0.11,0.48,0.27,0.37,4.1,2.6,0.9,3.5,0.22,0.05,0.27,0.14,0.19,Matches,3902e91b
359,Tomás Mendes,es ESP,MF,Alavés,16,2004,1,0,9,0.1,0,0,0,0,0,0,0,0.00,0.00,0.00,0.00,0.00,0.0,0.0,0.0,0.0,0.00,0.00,0.00,0.00,0.00,Matches,45f771db
360,Brais Méndez,es ESP,MF,Celta Vigo,24,1997,37,36,3021,33.6,4,5,4,0,0,8,0,0.12,0.15,0.27,0.12,0.27,4.3,4.3,3.8,8.1,0.13,0.11,0.24,0.13,0.24,Matches,c9e39d91
361,Édgar Méndez,es ESP,FWMF,Alavés,31,1990,32,17,1614,17.9,1,1,1,0,0,6,0,0.06,0.06,0.11,0.06,0.11,2.1,2.1,1.8,3.9,0.12,0.10,0.22,0.12,0.22,Matches,aed746df
362,Ferland Mendy,fr FRA,DF,Real Madrid,26,1995,22,20,1734,19.3,2,1,2,0,0,4,0,0.10,0.05,0.16,0.10,0.16,1.1,1.1,1.3,2.4,0.06,0.07,0.13,0.06,0.13,Matches,3cefcaef
363,Fran Mérida,es ESP,MF,Espanyol,31,1990,10,3,266,3.0,0,0,0,0,0,2,1,0.00,0.00,0.00,0.00,0.00,0.1,0.1,0.1,0.2,0.03,0.05,0.08,0.03,0.08,Matches,0e50f929
364,Mikel Merino,es ESP,MF,Real Sociedad,25,1996,34,33,2890,32.1,3,2,3,0,0,8,0,0.09,0.06,0.16,0.09,0.16,4.3,4.3,3.5,7.7,0.13,0.11,0.24,0.13,0.24,Matches,d080ed5e
365,Martín Merquelanz,es ESP,FW,Rayo Vallecano,26,1995,4,3,173,1.9,0,0,0,0,0,0,0,0.00,0.00,0.00,0.00,0.00,0.1,0.1,0.7,0.8,0.08,0.36,0.43,0.08,0.43,Matches,ddd5348b
366,Matt Miazga,us USA,DF,Alavés,26,1995,11,9,833,9.3,0,0,0,0,0,2,0,0.00,0.00,0.00,0.00,0.00,0.3,0.3,0.1,0.4,0.03,0.01,0.04,0.03,0.04,Matches,9fc0f253
367,Miguel,es ESP,FWMF,Alavés,21,1999,22,10,829,9.2,1,1,1,0,0,2,0,0.11,0.11,0.22,0.11,0.22,2.1,2.1,0.3,2.4,0.23,0.03,0.26,0.23,0.26,Matches,6763373d
368,Éder Militão,br BRA,DF,Real Madrid,23,1998,34,34,3031,33.7,1,2,1,0,0,5,0,0.03,0.06,0.09,0.03,0.09,2.7,2.7,1.2,3.8,0.08,0.04,0.11,0.08,0.11,Matches,2784f898
369,Luis Milla,es ESP,MF,Granada,26,1994,34,33,2773,30.8,3,3,0,3,3,4,0,0.10,0.10,0.19,0.00,0.10,3.6,1.3,4.1,5.4,0.12,0.13,0.25,0.04,0.17,Matches,19c36442
370,Pere Milla,es ESP,FWMF,Elche,28,1992,32,17,1644,18.3,8,3,8,0,0,4,0,0.44,0.16,0.60,0.44,0.60,4.4,4.4,1.9,6.3,0.24,0.10,0.34,0.24,0.34,Matches,335039a2
371,Santi Mina,es ESP,FW,Celta Vigo,25,1995,33,30,2367,26.3,7,3,7,0,1,4,0,0.27,0.11,0.38,0.27,0.38,7.9,7.1,2.0,9.1,0.30,0.07,0.38,0.27,0.35,Matches,0b90bb97
372,Óscar Mingueza,es ESP,DF,Barcelona,22,1999,19,9,894,9.9,0,1,0,0,0,2,0,0.00,0.10,0.10,0.00,0.10,0.2,0.2,0.9,1.1,0.02,0.09,0.11,0.02,0.11,Matches,056269d7
373,Rafa Mir,es ESP,FW,Sevilla,24,1997,34,18,1808,20.1,10,0,10,0,0,6,0,0.50,0.00,0.50,0.50,0.50,7.6,7.6,0.4,8.0,0.38,0.02,0.40,0.38,0.40,Matches,bbf5c11b
374,Jorge Miramón,es ESP,DF,Levante,32,1989,29,22,1977,22.0,1,0,1,0,0,5,0,0.05,0.00,0.05,0.05,0.05,0.7,0.7,0.7,1.3,0.03,0.03,0.06,0.03,0.06,Matches,7f4c7c9f
375,Juan Miranda,es ESP,DF,Betis,21,2000,13,9,783,8.7,0,2,0,0,0,3,0,0.00,0.23,0.23,0.00,0.23,0.1,0.1,1.5,1.6,0.01,0.17,0.19,0.01,0.19,Matches,ead61f73
376,Stefan Mitrović,rs SRB,DF,Getafe,31,1990,32,31,2667,29.6,1,0,1,0,0,8,1,0.03,0.00,0.03,0.03,0.03,0.2,0.2,0.0,0.2,0.01,0.00,0.01,0.01,0.01,Matches,e6777e6b
377,Luka Modrić,hr CRO,MF,Real Madrid,35,1985,28,25,2032,22.6,2,8,1,1,1,4,0,0.09,0.35,0.44,0.04,0.40,2.7,2.0,4.2,6.2,0.12,0.19,0.31,0.09,0.27,Matches,6025fab1
378,Johan Mojica,co COL,DF,Elche,28,1992,33,32,2855,31.7,2,5,2,0,0,4,1,0.06,0.16,0.22,0.06,0.22,0.7,0.7,4.5,5.2,0.02,0.14,0.16,0.02,0.16,Matches,608f2092
379,Jorge Molina,es ESP,FW,Granada,39,1982,35,19,1966,21.8,10,5,10,0,1,2,0,0.46,0.23,0.69,0.46,0.69,6.1,5.3,3.1,8.4,0.28,0.14,0.42,0.24,0.39,Matches,43f71e77
380,Jon Moncayola,es ESP,MF,Osasuna,23,1998,36,33,2915,32.4,2,3,2,0,0,2,0,0.06,0.09,0.15,0.06,0.15,2.2,2.2,2.3,4.5,0.07,0.07,0.14,0.07,0.14,Matches,9939e168
381,Monchu,es ESP,MF,Granada,21,1999,14,7,668,7.4,0,0,0,0,0,3,1,0.00,0.00,0.00,0.00,0.00,0.4,0.4,0.2,0.7,0.06,0.03,0.09,0.06,0.09,Matches,8ac501f5
382,Gonzalo Montiel,ar ARG,DF,Sevilla,24,1997,18,15,1066,11.8,1,2,1,0,0,7,0,0.08,0.17,0.25,0.08,0.25,0.3,0.3,1.3,1.6,0.03,0.11,0.14,0.03,0.14,Matches,374d5158
383,Ángel Montoro,es ESP,MF,Granada,33,1988,24,13,1331,14.8,1,1,1,0,0,5,0,0.07,0.07,0.14,0.07,0.14,1.2,1.2,1.6,2.7,0.08,0.11,0.19,0.08,0.19,Matches,719384c1
384,Martín Montoya,es ESP,DF,Betis,30,1991,6,6,518,5.8,0,1,0,0,0,2,0,0.00,0.17,0.17,0.00,0.17,0.4,0.4,1.1,1.5,0.06,0.19,0.25,0.06,0.25,Matches,5cec2487
385,Jon Morcillo,es ESP,MF,Athletic Club,22,1998,7,0,54,0.6,0,0,0,0,0,2,0,0.00,0.00,0.00,0.00,0.00,0.4,0.4,0.0,0.4,0.63,0.00,0.63,0.63,0.63,Matches,b7d7f3bf
386,Alberto Moreno,es ESP,MFDF,Villarreal,29,1992,24,13,1223,13.6,3,2,3,0,0,3,0,0.22,0.15,0.37,0.22,0.37,3.0,3.0,2.0,5.0,0.22,0.15,0.37,0.22,0.37,Matches,11b9265b
387,Álex Moreno,es ESP,DF,Betis,28,1993,30,28,2404,26.7,5,3,5,0,0,3,1,0.19,0.11,0.30,0.19,0.30,2.9,2.9,2.4,5.3,0.11,0.09,0.20,0.11,0.20,Matches,16e9d0ea
388,Gerard Moreno,es ESP,FW,Villarreal,29,1992,17,14,1191,13.2,9,3,8,1,2,2,0,0.68,0.23,0.91,0.60,0.83,6.5,5.0,4.7,9.6,0.49,0.35,0.84,0.37,0.73,Matches,81f0781e
389,Tete Morente,es ESP,MFFW,Elche,24,1996,32,18,1632,18.1,3,3,3,0,0,4,0,0.17,0.17,0.33,0.17,0.33,3.2,3.2,2.1,5.3,0.18,0.12,0.29,0.18,0.29,Matches,004d185e
390,Ilaix Moriba,gn GUI,MF,Valencia,18,2003,14,9,818,9.1,0,0,0,0,0,9,1,0.00,0.00,0.00,0.00,0.00,0.6,0.6,0.2,0.8,0.06,0.03,0.09,0.06,0.09,Matches,f4c69aa6
391,Manu Morlanes,es ESP,MF,Espanyol,22,1999,27,11,1144,12.7,2,0,2,0,0,6,1,0.16,0.00,0.16,0.16,0.16,0.8,0.8,0.3,1.1,0.06,0.02,0.08,0.06,0.08,Matches,a0255c67
392,Loren Morón,es ESP,FWMF,Espanyol,27,1993,21,4,563,6.3,1,0,1,0,0,0,0,0.16,0.00,0.16,0.16,0.16,0.8,0.8,0.4,1.2,0.12,0.06,0.18,0.12,0.18,Matches,3aa4a3be
393,Loren Morón,es ESP,FW,Betis,27,1993,1,0,4,0.0,0,0,0,0,0,0,0,0.00,0.00,0.00,0.00,0.00,0.0,0.0,0.0,0.0,0.00,0.00,0.00,0.00,0.00,Matches,3aa4a3be
394,Cristhian Mosquera,co COL,DF,Valencia,17,2004,6,3,212,2.4,0,0,0,0,0,1,0,0.00,0.00,0.00,0.00,0.00,0.1,0.1,0.0,0.1,0.05,0.00,0.05,0.05,0.05,Matches,dc1ce4f5
395,Toni Moya,es ESP,MF,Alavés,23,1998,28,17,1386,15.4,0,1,0,0,0,2,0,0.00,0.06,0.06,0.00,0.06,1.2,1.2,1.7,2.9,0.08,0.11,0.19,0.08,0.19,Matches,9e098912
396,Iker Muniain,es ESP,MF,Athletic Club,28,1992,35,34,2785,30.9,4,10,3,1,3,3,0,0.13,0.32,0.45,0.10,0.42,6.7,4.3,9.5,13.8,0.22,0.31,0.52,0.14,0.45,Matches,c05dfb74
397,Aihen Muñoz,es ESP,DF,Real Sociedad,23,1997,20,15,1342,14.9,0,0,0,0,0,4,1,0.00,0.00,0.00,0.00,0.00,0.2,0.1,0.5,0.6,0.01,0.03,0.05,0.01,0.04,Matches,228b0d9d
398,Jeison Murillo,co COL,DF,Celta Vigo,29,1992,19,12,1117,12.4,0,0,0,0,0,5,1,0.00,0.00,0.00,0.00,0.00,0.5,0.5,0.0,0.5,0.04,0.00,0.04,0.04,0.04,Matches,b233e8e4
399,Vedat Muriqi,xk KVX,FW,Mallorca,27,1994,16,16,1438,16.0,5,3,3,2,2,6,0,0.31,0.19,0.50,0.19,0.38,5.2,3.7,1.6,5.3,0.33,0.10,0.43,0.23,0.33,Matches,0cadc46d
400,Yunus Musah,us USA,MFFW,Valencia,18,2002,29,13,1259,14.0,1,0,1,0,0,5,0,0.07,0.00,0.07,0.07,0.07,0.4,0.4,1.1,1.5,0.03,0.08,0.11,0.03,0.11,Matches,b51b1b9c
401,Shkodran Mustafi,de GER,DF,Levante,29,1992,11,8,658,7.3,1,0,1,0,0,1,0,0.14,0.00,0.14,0.14,0.14,0.1,0.1,0.0,0.1,0.01,0.00,0.01,0.01,0.01,Matches,3f2d59fe
402,Nacho,es ESP,DF,Real Madrid,31,1990,28,17,1555,17.3,3,0,3,0,0,7,0,0.17,0.00,0.17,0.17,0.17,1.2,1.2,0.5,1.7,0.07,0.03,0.10,0.07,0.10,Matches,2946f9a1
403,Roberto Navarro,es ESP,MFFW,Real Sociedad,19,2002,6,3,199,2.2,0,0,0,0,0,0,0,0.00,0.00,0.00,0.00,0.00,0.7,0.7,0.1,0.8,0.32,0.02,0.35,0.32,0.35,Matches,c997b942
404,Ximo Navarro,es ESP,DF,Alavés,31,1990,18,16,1347,15.0,0,0,0,0,0,4,1,0.00,0.00,0.00,0.00,0.00,0.4,0.4,0.2,0.6,0.03,0.02,0.04,0.03,0.04,Matches,8db394aa
405,Jesús Navas,es ESP,DF,Sevilla,35,1985,25,19,1786,19.8,0,3,0,0,0,4,0,0.00,0.15,0.15,0.00,0.15,0.4,0.4,4.3,4.7,0.02,0.22,0.24,0.02,0.24,Matches,3f10bd22
406,Loum Ndiaye,sn SEN,MF,Alavés,24,1996,32,26,2312,25.7,2,0,2,0,0,10,0,0.08,0.00,0.08,0.08,0.08,2.3,2.3,0.1,2.5,0.09,0.01,0.10,0.09,0.10,Matches,bcfc4473
407,Álvaro Negredo,es ESP,FW,Cádiz,35,1985,34,24,2157,24.0,7,2,5,2,3,3,0,0.29,0.08,0.38,0.21,0.29,8.8,6.5,2.1,8.6,0.37,0.09,0.45,0.27,0.36,Matches,63b0ca6b
408,Neto,br BRA,GK,Barcelona,32,1989,3,3,270,3.0,0,0,0,0,0,0,0,0.00,0.00,0.00,0.00,0.00,0.0,0.0,0.0,0.0,0.00,0.01,0.01,0.00,0.01,Matches,a9dc785c
409,Carlos Neva,es ESP,DF,Granada,25,1996,26,24,2108,23.4,0,0,0,0,0,1,0,0.00,0.00,0.00,0.00,0.00,0.9,0.9,1.3,2.2,0.04,0.05,0.09,0.04,0.09,Matches,8d47bb39
410,Saúl Ñíguez,es ESP,DFMF,Atlético Madrid,26,1994,3,2,201,2.2,0,1,0,0,0,0,0,0.00,0.45,0.45,0.00,0.45,0.4,0.4,0.1,0.5,0.16,0.05,0.21,0.16,0.21,Matches,c14bc029
411,Fernando Niño,es ESP,FW,Mallorca,20,2000,23,9,884,9.8,2,0,2,0,0,2,0,0.20,0.00,0.20,0.20,0.20,4.1,4.1,0.3,4.4,0.41,0.03,0.45,0.41,0.45,Matches,81d5c497
412,Peru Nolaskoain,es ESP,DF,Athletic Club,22,1998,1,0,1,0.0,0,0,0,0,0,0,0,0.00,0.00,0.00,0.00,0.00,0.0,0.0,0.0,0.0,0.00,0.00,0.00,0.00,0.00,Matches,857cb4f3
413,Nolito,es ESP,MF,Celta Vigo,34,1986,32,15,1384,15.4,2,0,2,0,0,2,0,0.13,0.00,0.13,0.13,0.13,3.4,3.4,1.8,5.2,0.22,0.12,0.34,0.22,0.34,Matches,b2d0ec1b
414,Randy Ntekja,fr FRA,FWMF,Rayo Vallecano,23,1997,34,16,1462,16.2,3,0,3,0,0,2,0,0.18,0.00,0.18,0.18,0.18,3.7,3.7,1.9,5.7,0.23,0.12,0.35,0.23,0.35,Matches,a6103274
415,Unai Núñez,es ESP,DF,Athletic Club,24,1997,9,7,622,6.9,0,0,0,0,0,2,0,0.00,0.00,0.00,0.00,0.00,0.8,0.8,0.1,0.9,0.11,0.01,0.12,0.11,0.12,Matches,be170419
416,Allan Nyom,cm CMR,DF,Getafe,33,1988,5,3,244,2.7,0,0,0,0,0,1,0,0.00,0.00,0.00,0.00,0.00,0.0,0.0,0.1,0.1,0.00,0.04,0.04,0.00,0.04,Matches,97572117
417,Jan Oblak,si SVN,GK,Atlético Madrid,28,1993,38,38,3420,38.0,0,0,0,0,0,2,0,0.00,0.00,0.00,0.00,0.00,0.0,0.0,0.0,0.0,0.00,0.00,0.00,0.00,0.00,Matches,ee8508c0
418,Lucas Ocampos,ar ARG,FW,Sevilla,27,1994,30,23,2125,23.6,6,4,6,0,0,7,0,0.25,0.17,0.42,0.25,0.42,5.7,5.7,1.8,7.5,0.24,0.08,0.32,0.24,0.32,Matches,a08b974a
419,Lucas Olaza,uy URU,DF,Elche,27,1994,5,3,295,3.3,1,0,1,0,0,1,0,0.31,0.00,0.31,0.31,0.31,0.7,0.7,0.3,1.1,0.22,0.10,0.32,0.22,0.32,Matches,4cee5954
420,Oier Olazábal,es ESP,GK,Espanyol,31,1989,2,1,135,1.5,0,0,0,0,0,0,0,0.00,0.00,0.00,0.00,0.00,0.0,0.0,0.0,0.0,0.00,0.00,0.00,0.00,0.00,Matches,b5bdf144
421,Brian Oliván,es ESP,DF,Mallorca,27,1994,28,24,2189,24.3,1,0,1,0,1,7,0,0.04,0.00,0.04,0.04,0.04,2.2,1.5,2.2,3.6,0.09,0.09,0.18,0.06,0.15,Matches,a3e4bf46
422,Mathías Olivera,uy URU,DF,Getafe,23,1997,32,32,2803,31.1,1,3,1,0,0,10,0,0.03,0.10,0.13,0.03,0.13,2.8,2.3,2.8,5.1,0.09,0.09,0.18,0.07,0.16,Matches,41c12f75
423,Javier Ontiveros,es ESP,MFFW,Osasuna,23,1997,3,0,39,0.4,0,0,0,0,0,0,0,0.00,0.00,0.00,0.00,0.00,0.1,0.1,0.0,0.1,0.13,0.00,0.13,0.13,0.13,Matches,a83d8b0c
424,Pedro Ortiz,es ESP,MF,Sevilla,20,2000,1,0,7,0.1,0,0,0,0,0,0,0,0.00,0.00,0.00,0.00,0.00,0.4,0.4,0.4,0.7,4.70,4.92,9.63,4.70,9.63,Matches,f9358b61
425,Milutin Osmajić,me MNE,FWMF,Cádiz,22,1999,10,2,257,2.9,0,0,0,0,0,0,0,0.00,0.00,0.00,0.00,0.00,0.3,0.3,0.0,0.3,0.09,0.00,0.09,0.09,0.09,Matches,375ed9d7
426,Jesús Owono,gq EQG,GK,Alavés,20,2001,1,1,90,1.0,0,0,0,0,0,0,0,0.00,0.00,0.00,0.00,0.00,0.0,0.0,0.0,0.0,0.00,0.00,0.00,0.00,0.00,Matches,d6e3d7fb
427,Mikel Oyarzabal,es ESP,FWMF,Real Sociedad,24,1997,22,19,1671,18.6,9,3,5,4,5,0,1,0.48,0.16,0.65,0.27,0.43,9.1,5.3,3.4,8.7,0.49,0.18,0.67,0.29,0.47,Matches,8c3c640c
428,Fernando Pacheco,es ESP,GK,Alavés,29,1992,34,34,3053,33.9,0,0,0,0,0,1,0,0.00,0.00,0.00,0.00,0.00,0.0,0.0,0.3,0.3,0.00,0.01,0.01,0.00,0.01,Matches,97852360
429,Jon Pacheco,es ESP,DF,Real Sociedad,20,2001,10,4,381,4.2,0,0,0,0,0,1,0,0.00,0.00,0.00,0.00,0.00,0.0,0.0,0.0,0.0,0.00,0.00,0.00,0.00,0.00,Matches,44150beb
430,Gavi Paez,es ESP,MFFW,Barcelona,16,2004,34,28,2316,25.7,2,5,2,0,0,11,1,0.08,0.19,0.27,0.08,0.27,4.0,4.0,3.1,7.1,0.15,0.12,0.27,0.15,0.27,Matches,19cae58d
431,Helibelton Palacios,co COL,DF,Elche,28,1993,26,22,1931,21.5,0,0,0,0,0,6,0,0.00,0.00,0.00,0.00,0.00,0.1,0.1,0.2,0.3,0.00,0.01,0.01,0.00,0.01,Matches,ac8b2421
432,Isaac Palazón Camacho,es ESP,FWMF,Rayo Vallecano,26,1994,34,27,2288,25.4,2,4,2,0,0,7,0,0.08,0.16,0.24,0.08,0.24,3.3,3.3,2.5,5.8,0.13,0.10,0.23,0.13,0.23,Matches,49dbab27
433,Daniel Parejo,es ESP,MF,Villarreal,32,1989,33,32,2704,30.0,2,10,1,1,1,3,0,0.07,0.33,0.40,0.03,0.37,1.7,1.0,6.6,7.6,0.06,0.22,0.28,0.03,0.25,Matches,7460ca0d
434,Raúl Parra,es ESP,DF,Cádiz,21,1999,2,1,88,1.0,0,0,0,0,0,0,0,0.00,0.00,0.00,0.00,0.00,0.0,0.0,0.0,0.0,0.00,0.00,0.00,0.00,0.00,Matches,647d39d2
435,Javier Pastore,ar ARG,MFFW,Elche,32,1989,13,6,525,5.8,0,0,0,0,0,2,1,0.00,0.00,0.00,0.00,0.00,0.4,0.4,0.9,1.3,0.07,0.15,0.22,0.07,0.22,Matches,881ef58c
436,Gabriel Paulista,br BRA,DF,Valencia,30,1990,19,19,1592,17.7,2,1,2,0,0,2,0,0.11,0.06,0.17,0.11,0.17,0.9,0.9,0.1,1.0,0.05,0.01,0.06,0.05,0.06,Matches,b7ca5c51
437,Alfonso Pedraza,es ESP,DF,Villarreal,25,1996,28,19,1701,18.9,4,4,4,0,0,2,0,0.21,0.21,0.42,0.21,0.42,1.6,1.6,3.2,4.8,0.08,0.17,0.25,0.08,0.25,Matches,63f04c6c
438,Pedri,es ESP,MF,Barcelona,18,2002,12,10,885,9.8,3,1,3,0,0,0,0,0.31,0.10,0.41,0.31,0.41,1.1,1.1,1.1,2.2,0.11,0.11,0.22,0.11,0.22,Matches,0d9b2d31
439,Pedrosa,es ESP,DF,Espanyol,23,1998,31,31,2720,30.2,1,1,1,0,0,8,0,0.03,0.03,0.07,0.03,0.07,1.2,1.2,1.8,2.9,0.04,0.06,0.10,0.04,0.10,Matches,112521d1
440,Facundo Pellistri,uy URU,MFFW,Alavés,19,2001,21,6,672,7.5,0,0,0,0,0,0,0,0.00,0.00,0.00,0.00,0.00,1.0,1.0,0.4,1.4,0.13,0.05,0.18,0.13,0.18,Matches,ac7e7b1c
441,Rubén Peña,es ESP,MFFW,Villarreal,30,1991,7,1,132,1.5,0,0,0,0,0,1,0,0.00,0.00,0.00,0.00,0.00,0.2,0.2,1.1,1.3,0.17,0.72,0.89,0.17,0.89,Matches,1f079188
442,Alberto Perea,es ESP,MF,Cádiz,30,1990,18,8,777,8.6,0,1,0,0,0,2,0,0.00,0.12,0.12,0.00,0.12,0.9,0.9,0.6,1.5,0.10,0.07,0.18,0.10,0.18,Matches,5496cc91
443,Victor Perea,es ESP,DF,Espanyol,21,2000,1,0,4,0.0,0,0,0,0,0,0,0,0.00,0.00,0.00,0.00,0.00,0.0,0.0,0.0,0.0,0.00,0.00,0.00,0.00,0.00,Matches,b7de5bad
444,Iñigo Pérez,es ESP,MF,Osasuna,33,1988,10,4,338,3.8,1,0,1,0,0,0,0,0.27,0.00,0.27,0.27,0.27,0.1,0.1,0.9,1.0,0.02,0.24,0.26,0.02,0.26,Matches,bc61cc65
445,Juan Pérez,es ESP,GK,Osasuna,25,1996,2,2,180,2.0,0,0,0,0,0,0,0,0.00,0.00,0.00,0.00,0.00,0.0,0.0,0.0,0.0,0.00,0.00,0.00,0.00,0.00,Matches,8f29e08b
446,Kike Pérez,es ESP,FWMF,Elche,24,1997,12,5,519,5.8,2,0,2,0,0,1,0,0.35,0.00,0.35,0.35,0.35,1.1,1.1,1.0,2.1,0.20,0.17,0.37,0.20,0.37,Matches,237a3851
447,Lucas Pérez,es ESP,FWMF,Cádiz,32,1988,15,11,1060,11.8,3,2,3,0,0,1,0,0.25,0.17,0.42,0.25,0.42,3.3,3.3,2.4,5.7,0.28,0.20,0.49,0.28,0.49,Matches,a300ac7e
448,Lucas Pérez,es ESP,FW,Elche,32,1988,18,16,1266,14.1,2,1,2,0,0,0,0,0.14,0.07,0.21,0.14,0.21,2.5,2.5,1.3,3.8,0.18,0.09,0.27,0.18,0.27,Matches,a300ac7e
449,Njegoš Petrović,rs SRB,MF,Granada,22,1999,15,10,918,10.2,0,1,0,0,0,5,0,0.00,0.10,0.10,0.00,0.10,1.1,1.1,0.2,1.3,0.11,0.02,0.13,0.11,0.13,Matches,0cb29e91
450,Alex Petxa,es ESP,DFMF,Athletic Club,24,1997,17,1,412,4.6,0,0,0,0,0,4,0,0.00,0.00,0.00,0.00,0.00,0.2,0.2,0.2,0.3,0.04,0.04,0.08,0.04,0.08,Matches,97d08e60
451,Germán Pezzella,ar ARG,DF,Betis,30,1991,23,22,1988,22.1,1,0,1,0,0,5,1,0.05,0.00,0.05,0.05,0.05,1.2,1.2,0.0,1.2,0.05,0.00,0.05,0.05,0.05,Matches,8c725b43
452,Pablo Piatti,ar ARG,MFFW,Elche,32,1989,10,3,312,3.5,0,0,0,0,0,0,0,0.00,0.00,0.00,0.00,0.00,0.2,0.2,0.5,0.7,0.06,0.15,0.22,0.06,0.22,Matches,48e89655
453,Cristiano Piccini,it ITA,DF,Valencia,28,1992,6,3,322,3.6,1,0,1,0,0,1,0,0.28,0.00,0.28,0.28,0.28,0.1,0.1,0.2,0.3,0.03,0.05,0.08,0.03,0.08,Matches,32c0491f
454,Tomás Pina Isla,es ESP,MF,Alavés,33,1987,29,16,1444,16.0,0,0,0,0,0,4,0,0.00,0.00,0.00,0.00,0.00,0.4,0.4,0.3,0.7,0.02,0.02,0.04,0.02,0.04,Matches,e54bd0a2
455,Orbelín Pineda,mx MEX,MFFW,Celta Vigo,25,1996,7,0,99,1.1,0,0,0,0,0,0,0,0.00,0.00,0.00,0.00,0.00,0.5,0.5,0.1,0.6,0.47,0.11,0.58,0.47,0.58,Matches,411fabd7
456,Yeremi Pino,es ESP,MFFW,Villarreal,18,2002,31,21,1678,18.6,6,4,6,0,0,2,0,0.32,0.21,0.54,0.32,0.54,6.2,6.2,3.2,9.4,0.33,0.17,0.50,0.33,0.50,Matches,540ec57b
457,Gerard Piqué,es ESP,DF,Barcelona,34,1987,27,25,2092,23.2,1,0,1,0,0,10,1,0.04,0.00,0.04,0.04,0.04,2.1,2.1,0.1,2.1,0.09,0.00,0.09,0.09,0.09,Matches,adfc9123
458,Ezequiel Ponce,ar ARG,FW,Elche,24,1997,13,5,667,7.4,1,0,1,0,0,1,1,0.13,0.00,0.13,0.13,0.13,2.0,2.0,0.3,2.3,0.28,0.04,0.32,0.28,0.32,Matches,ccbbe661
459,Pere Pons,es ESP,MF,Alavés,28,1993,27,17,1366,15.2,1,0,1,0,0,2,0,0.07,0.00,0.07,0.07,0.07,2.0,2.0,0.6,2.6,0.13,0.04,0.17,0.13,0.17,Matches,29b61deb
460,Portu,es ESP,FWMF,Real Sociedad,29,1992,37,17,1590,17.7,1,2,0,1,1,5,0,0.06,0.11,0.17,0.00,0.11,3.1,2.3,2.0,4.3,0.17,0.11,0.28,0.13,0.24,Matches,1bda5842
461,Sergio Postigo,es ESP,DF,Levante,32,1988,13,10,848,9.4,0,0,0,0,0,3,0,0.00,0.00,0.00,0.00,0.00,0.1,0.1,0.2,0.3,0.01,0.02,0.03,0.01,0.03,Matches,474ecac8
462,Darío Poveda,es ESP,FWMF,Getafe,24,1997,15,3,380,4.2,1,0,1,0,0,0,0,0.24,0.00,0.24,0.24,0.24,0.2,0.2,0.1,0.3,0.04,0.03,0.07,0.04,0.07,Matches,cbdf7d5c
463,José Pozo,es ESP,MF,Rayo Vallecano,25,1996,5,0,72,0.8,0,0,0,0,0,0,0,0.00,0.00,0.00,0.00,0.00,0.1,0.1,0.3,0.5,0.16,0.43,0.60,0.16,0.60,Matches,fc8b614b
464,Abdón Prats,es ESP,FW,Mallorca,28,1992,23,6,641,7.1,3,0,3,0,0,3,0,0.42,0.00,0.42,0.42,0.42,2.0,2.0,0.4,2.3,0.27,0.05,0.32,0.27,0.32,Matches,d1b060e2
465,Alejandro Primo,es ESP,GK,Levante,17,2004,1,1,90,1.0,0,0,0,0,0,0,0,0.00,0.00,0.00,0.00,0.00,0.0,0.0,0.0,0.0,0.00,0.00,0.00,0.00,0.00,Matches,f38284bb
466,Javi Puado,es ESP,FWMF,Espanyol,23,1998,30,26,2245,24.9,4,1,4,0,0,5,0,0.16,0.04,0.20,0.16,0.20,4.9,4.9,1.2,6.1,0.19,0.05,0.24,0.19,0.24,Matches,2683eda7
467,Pubill,es ESP,DF,Levante,18,2003,11,5,512,5.7,0,1,0,0,0,1,0,0.00,0.18,0.18,0.00,0.18,1.0,1.0,0.2,1.3,0.18,0.04,0.22,0.18,0.22,Matches,365113c0
468,Antonio Puertas,es ESP,MFFW,Granada,29,1992,33,25,2261,25.1,6,1,6,0,0,4,0,0.24,0.04,0.28,0.24,0.28,3.6,3.6,0.9,4.5,0.14,0.04,0.18,0.14,0.18,Matches,c77a8043
469,Riqui Puig,es ESP,MF,Barcelona,21,1999,15,2,487,5.4,1,0,1,0,0,0,0,0.18,0.00,0.18,0.18,0.18,0.7,0.7,0.3,1.0,0.13,0.05,0.18,0.13,0.18,Matches,f090a37a
470,Yacine Qasmi,ma MAR,MF,Rayo Vallecano,30,1991,1,0,4,0.0,0,0,0,0,0,0,0,0.00,0.00,0.00,0.00,0.00,0.0,0.0,0.0,0.0,0.00,0.00,0.00,0.00,0.00,Matches,3b3cbebb
471,Quini,es ESP,DF,Granada,31,1989,32,27,2304,25.6,0,1,0,0,0,11,0,0.00,0.04,0.04,0.00,0.04,0.5,0.5,1.3,1.9,0.02,0.05,0.07,0.02,0.07,Matches,7a538238
472,Dani Raba,es ESP,MFFW,Villarreal,25,1995,7,0,89,1.0,0,0,0,0,0,1,0,0.00,0.00,0.00,0.00,0.00,0.0,0.0,0.3,0.3,0.00,0.27,0.27,0.00,0.27,Matches,ea6a7ab4
473,Dani Raba,es ESP,MFFW,Granada,25,1995,2,0,26,0.3,0,0,0,0,0,0,0,0.00,0.00,0.00,0.00,0.00,0.0,0.0,0.0,0.0,0.00,0.00,0.00,0.00,0.00,Matches,ea6a7ab4
474,Uroš Račić,rs SRB,MF,Valencia,23,1998,28,13,1206,13.4,0,0,0,0,0,3,1,0.00,0.00,0.00,0.00,0.00,0.9,0.9,0.7,1.7,0.07,0.05,0.12,0.07,0.12,Matches,faed84db
475,Nemanja Radoja,rs SRB,MF,Levante,28,1993,19,17,1214,13.5,0,0,0,0,0,3,0,0.00,0.00,0.00,0.00,0.00,0.2,0.2,0.6,0.8,0.02,0.04,0.06,0.02,0.06,Matches,b5dd3469
476,Rafinha,br BRA,MFFW,Real Sociedad,28,1993,17,13,1050,11.7,1,0,1,0,0,3,0,0.09,0.00,0.09,0.09,0.09,2.3,2.3,0.7,2.9,0.19,0.06,0.25,0.19,0.25,Matches,0c2ac3cb
477,Antonio Raillo,es ESP,DF,Mallorca,29,1991,17,17,1530,17.0,2,0,2,0,0,8,0,0.12,0.00,0.12,0.12,0.12,1.1,1.1,0.0,1.1,0.06,0.00,0.06,0.06,0.06,Matches,b857bd29
478,Ivan Rakitić,hr CRO,MF,Sevilla,33,1988,35,26,2182,24.2,4,6,3,1,2,5,0,0.16,0.25,0.41,0.12,0.37,3.4,1.9,2.8,4.7,0.14,0.11,0.26,0.08,0.19,Matches,89f951b5
479,Jonás Ramalho,es ESP,DF,Osasuna,28,1993,3,3,243,2.7,0,0,0,0,0,0,0,0.00,0.00,0.00,0.00,0.00,0.1,0.1,0.0,0.1,0.03,0.00,0.03,0.03,0.03,Matches,be3a0121
480,Sandro Ramírez,es ESP,FW,Getafe,26,1995,29,19,1462,16.2,3,0,3,0,0,7,0,0.18,0.00,0.18,0.18,0.18,2.8,2.8,0.8,3.6,0.17,0.05,0.22,0.17,0.22,Matches,833fb62e
481,Raúl,es ESP,FW,Betis,20,2000,1,0,1,0.0,0,0,0,0,0,0,0,0.00,0.00,0.00,0.00,0.00,0.0,0.0,0.0,0.0,0.00,0.00,0.00,0.00,0.00,Matches,18f0a9f0
482,Lluís Recasens,es ESP,DF,Espanyol,19,2002,1,0,45,0.5,0,0,0,0,0,0,0,0.00,0.00,0.00,0.00,0.00,0.0,0.0,0.0,0.0,0.00,0.00,0.00,0.00,0.00,Matches,c31ea173
483,Manolo Reina,es ESP,GK,Mallorca,36,1985,21,21,1890,21.0,0,0,0,0,0,5,1,0.00,0.00,0.00,0.00,0.00,0.0,0.0,0.3,0.3,0.00,0.02,0.02,0.00,0.02,Matches,605eb473
484,Karim Rekik,nl NED,DF,Sevilla,26,1994,18,11,1098,12.2,0,2,0,0,0,2,0,0.00,0.16,0.16,0.00,0.16,0.4,0.4,0.3,0.7,0.03,0.03,0.06,0.03,0.06,Matches,3376a776
485,Álex Remiro,es ESP,GK,Real Sociedad,26,1995,35,35,3150,35.0,0,0,0,0,0,1,0,0.00,0.00,0.00,0.00,0.00,0.0,0.0,0.0,0.0,0.00,0.00,0.00,0.00,0.00,Matches,374ee424
486,Nico Ribaudo,es ESP,MFFW,Espanyol,20,2001,31,7,1116,12.4,2,0,2,0,0,5,1,0.16,0.00,0.16,0.16,0.16,1.0,1.0,1.3,2.2,0.08,0.10,0.18,0.08,0.18,Matches,ce8039aa
487,Diego Rico,es ESP,DF,Real Sociedad,28,1993,21,19,1644,18.3,0,0,0,0,0,4,0,0.00,0.00,0.00,0.00,0.00,0.2,0.2,0.9,1.1,0.01,0.05,0.06,0.01,0.06,Matches,d9ba39fc
488,Sergio Rico,es ESP,GK,Mallorca,27,1993,14,14,1260,14.0,0,0,0,0,0,0,0,0.00,0.00,0.00,0.00,0.00,0.0,0.0,0.0,0.0,0.00,0.00,0.00,0.00,0.00,Matches,5f0241b2
489,Luis Rioja,es ESP,FWMF,Alavés,27,1993,37,36,3111,34.6,1,3,1,0,0,3,0,0.03,0.09,0.12,0.03,0.12,3.1,3.1,4.8,7.9,0.09,0.14,0.23,0.09,0.23,Matches,eb3dd471
490,Rober,es ESP,DF,Levante,26,1995,27,21,2010,22.3,1,0,1,0,0,5,1,0.04,0.00,0.04,0.04,0.04,1.4,1.4,0.4,1.8,0.06,0.02,0.08,0.06,0.08,Matches,c00097d2
491,Sergi Roberto,es ESP,MFDF,Barcelona,29,1992,9,4,400,4.4,2,1,2,0,0,1,0,0.45,0.23,0.68,0.45,0.68,1.6,1.6,0.3,2.0,0.36,0.08,0.44,0.36,0.44,Matches,335fa267
492,Rubén Rochina,es ESP,MFFW,Granada,30,1991,15,8,743,8.3,1,3,1,0,0,3,0,0.12,0.36,0.48,0.12,0.48,0.6,0.6,0.7,1.3,0.07,0.08,0.16,0.07,0.16,Matches,ecd8c01e
493,Enzo Roco,cl CHI,DF,Elche,28,1992,30,29,2552,28.4,1,0,1,0,0,10,0,0.04,0.00,0.04,0.04,0.04,1.1,1.1,0.1,1.2,0.04,0.00,0.04,0.04,0.04,Matches,37f827ec
494,Rodrigo,es ESP,FW,Betis,21,2000,21,10,881,9.8,1,2,1,0,0,1,0,0.10,0.20,0.31,0.10,0.31,1.3,1.3,1.6,2.9,0.13,0.16,0.30,0.13,0.30,Matches,85bed4ee
495,Kévin Rodrigues,pt POR,DFFW,Rayo Vallecano,27,1994,13,5,435,4.8,0,0,0,0,0,0,0,0.00,0.00,0.00,0.00,0.00,0.1,0.1,0.1,0.2,0.02,0.02,0.03,0.02,0.03,Matches,f1bed920
496,Ángel Rodríguez,es ESP,FW,Mallorca,34,1987,29,19,1544,17.2,3,2,3,0,0,4,0,0.17,0.12,0.29,0.17,0.29,4.8,4.8,1.3,6.1,0.28,0.08,0.36,0.28,0.36,Matches,8cfc2f69
497,Óscar Rodríguez Arnaiz,es ESP,MFFW,Getafe,23,1998,18,9,943,10.5,0,1,0,0,0,2,0,0.00,0.10,0.10,0.00,0.10,1.1,1.1,1.5,2.6,0.10,0.14,0.24,0.10,0.24,Matches,19709006
498,Óscar Rodríguez Arnaiz,es ESP,FWMF,Sevilla,23,1998,11,4,417,4.6,0,0,0,0,0,1,0,0.00,0.00,0.00,0.00,0.00,0.8,0.8,1.2,2.1,0.18,0.26,0.44,0.18,0.44,Matches,19709006
499,Dani Rodríguez,es ESP,MFFW,Mallorca,33,1988,36,33,2832,31.5,3,3,3,0,0,7,0,0.10,0.10,0.19,0.10,0.19,2.8,2.8,3.0,5.8,0.09,0.09,0.18,0.09,0.18,Matches,70f8e0bd
500,Guido Rodríguez,ar ARG,MF,Betis,27,1994,32,29,2529,28.1,1,2,1,0,0,9,1,0.04,0.07,0.11,0.04,0.11,1.0,1.0,0.4,1.4,0.03,0.02,0.05,0.03,0.05,Matches,34e393f2
501,Rodrygo,br BRA,FW,Real Madrid,20,2001,33,17,1523,16.9,4,4,4,0,0,4,0,0.24,0.24,0.47,0.24,0.47,4.6,4.6,1.6,6.2,0.27,0.09,0.36,0.27,0.36,Matches,8f5e92a6
502,Leonardo Román,es ESP,GK,Mallorca,21,2000,2,2,180,2.0,0,0,0,0,0,0,0,0.00,0.00,0.00,0.00,0.00,0.0,0.0,0.0,0.0,0.00,0.00,0.00,0.00,0.00,Matches,924ff27e
503,Iván Romero,es ESP,FW,Sevilla,20,2001,5,2,178,2.0,0,0,0,0,0,0,0,0.00,0.00,0.00,0.00,0.00,0.5,0.5,0.0,0.5,0.27,0.00,0.27,0.27,0.27,Matches,2fbe6af0
504,Unai Ropero,es ESP,MF,Alavés,19,2001,1,0,12,0.1,0,0,0,0,0,0,0,0.00,0.00,0.00,0.00,0.00,0.0,0.0,0.0,0.0,0.00,0.00,0.00,0.00,0.00,Matches,7868c973
505,Rubén,es ESP,DF,Espanyol,20,2001,4,1,150,1.7,0,1,0,0,0,0,0,0.00,0.60,0.60,0.00,0.60,0.0,0.0,0.5,0.5,0.01,0.27,0.28,0.01,0.28,Matches,35d4f151
506,Aitor Ruibal,es ESP,FWDF,Betis,25,1996,19,9,856,9.5,0,0,0,0,0,6,0,0.00,0.00,0.00,0.00,0.00,1.2,1.2,0.7,2.0,0.13,0.08,0.21,0.13,0.21,Matches,a55d8df5
507,Isma Ruiz,es ESP,MF,Granada,20,2001,8,3,283,3.1,0,0,0,0,0,1,0,0.00,0.00,0.00,0.00,0.00,0.1,0.1,0.1,0.3,0.03,0.05,0.08,0.03,0.08,Matches,6e36226f
508,Víctor Ruiz,es ESP,DF,Betis,32,1989,18,17,1424,15.8,0,0,0,0,0,2,0,0.00,0.00,0.00,0.00,0.00,1.0,1.0,0.1,1.1,0.06,0.01,0.07,0.06,0.07,Matches,b3dc6eca
509,Gerónimo Rulli,ar ARG,GK,Villarreal,29,1992,32,32,2880,32.0,0,0,0,0,0,2,0,0.00,0.00,0.00,0.00,0.00,0.0,0.0,0.0,0.0,0.00,0.00,0.00,0.00,0.00,Matches,625c144a
510,Franco Russo,ar ARG,DF,Mallorca,26,1994,19,17,1464,16.3,1,0,1,0,0,7,2,0.06,0.00,0.06,0.06,0.06,0.2,0.2,0.0,0.2,0.01,0.00,0.01,0.01,0.01,Matches,b75ac54b
511,Mathew Ryan,au AUS,GK,Real Sociedad,29,1992,3,3,270,3.0,0,0,0,0,0,0,0,0.00,0.00,0.00,0.00,0.00,0.0,0.0,0.0,0.0,0.00,0.00,0.00,0.00,0.00,Matches,4535e4bb
512,Youssouf Sabaly,sn SEN,DF,Betis,28,1993,10,9,788,8.8,0,1,0,0,0,1,0,0.00,0.11,0.11,0.00,0.11,0.1,0.1,0.6,0.7,0.01,0.07,0.08,0.01,0.08,Matches,fbbb9269
513,Salvi,es ESP,MFFW,Cádiz,30,1991,23,17,1395,15.5,2,1,2,0,1,3,1,0.13,0.06,0.19,0.13,0.19,3.0,2.2,1.4,3.6,0.19,0.09,0.28,0.14,0.23,Matches,405f267a
514,Fede San Emeterio,es ESP,MF,Cádiz,24,1997,12,10,830,9.2,0,0,0,0,0,3,0,0.00,0.00,0.00,0.00,0.00,0.0,0.0,0.4,0.4,0.00,0.05,0.05,0.00,0.05,Matches,efecd633
515,Oihan Sancet,es ESP,FW,Athletic Club,21,2000,27,16,1422,15.8,6,4,6,0,0,2,0,0.38,0.25,0.63,0.38,0.63,2.6,2.6,2.8,5.3,0.16,0.18,0.34,0.16,0.34,Matches,bdb624a3
516,Antonio Sánchez,es ESP,MFFW,Mallorca,24,1997,29,19,1616,18.0,1,0,1,0,0,3,1,0.06,0.00,0.06,0.06,0.06,1.3,1.3,0.3,1.6,0.07,0.02,0.09,0.07,0.09,Matches,a254bbe0
517,Germán Sánchez,es ESP,DF,Granada,34,1986,32,25,2299,25.5,2,1,2,0,0,11,1,0.08,0.04,0.12,0.08,0.12,1.3,1.3,0.2,1.6,0.05,0.01,0.06,0.05,0.06,Matches,ea9b2ef9
518,Juan Sánchez,es ESP,MF,Sevilla,17,2003,1,0,5,0.1,0,0,0,0,0,1,0,0.00,0.00,0.00,0.00,0.00,0.0,0.0,0.0,0.0,0.00,0.00,0.00,0.00,0.00,Matches,ff4f78e1
519,Manuel Sánchez,es ESP,DF,Osasuna,20,2000,33,25,2257,25.1,1,3,1,0,0,6,0,0.04,0.12,0.16,0.04,0.16,0.4,0.4,2.0,2.4,0.02,0.08,0.09,0.02,0.09,Matches,ffacd3d5
520,Oier Sanjurjo,es ESP,MF,Osasuna,35,1986,25,8,758,8.4,1,0,1,0,0,3,0,0.12,0.00,0.12,0.12,0.12,0.6,0.6,0.2,0.8,0.07,0.02,0.09,0.07,0.09,Matches,466824fb
521,Jesús Santiago,es ESP,MF,Valencia,17,2004,3,0,82,0.9,0,0,0,0,0,0,0,0.00,0.00,0.00,0.00,0.00,0.0,0.0,0.0,0.0,0.00,0.00,0.00,0.00,0.00,Matches,bc49fd34
522,Sergio Santos,es ESP,DF,Real Madrid,20,2001,1,0,11,0.1,0,0,0,0,0,0,0,0.00,0.00,0.00,0.00,0.00,0.0,0.0,0.0,0.0,0.00,0.32,0.32,0.00,0.32,Matches,cf59e05f
523,Alvaro Sanz,es ESP,MF,Barcelona,20,2001,2,0,29,0.3,0,0,0,0,0,0,0,0.00,0.00,0.00,0.00,0.00,0.0,0.0,0.0,0.0,0.00,0.05,0.05,0.00,0.05,Matches,eaefa2d0
524,Marcelo Saracchi,uy URU,DF,Levante,23,1998,4,2,186,2.1,0,1,0,0,0,2,0,0.00,0.48,0.48,0.00,0.48,0.0,0.0,0.3,0.3,0.00,0.15,0.15,0.00,0.15,Matches,1c96ad85
525,Joan Sastre Vanrell,es ESP,DF,Mallorca,24,1997,7,2,258,2.9,0,0,0,0,0,1,0,0.00,0.00,0.00,0.00,0.00,0.0,0.0,0.0,0.0,0.02,0.00,0.02,0.02,0.02,Matches,f9acf8bf
526,Esteban Saveljich,me MNE,DF,Rayo Vallecano,30,1991,21,21,1700,18.9,0,0,0,0,0,4,0,0.00,0.00,0.00,0.00,0.00,0.8,0.8,0.3,1.1,0.04,0.01,0.06,0.04,0.06,Matches,79f2a5f5
527,Stefan Savić,me MNE,DF,Atlético Madrid,30,1991,28,28,2440,27.1,0,0,0,0,0,12,0,0.00,0.00,0.00,0.00,0.00,1.8,1.8,0.1,1.9,0.07,0.00,0.07,0.07,0.07,Matches,f6ac68c1
528,Valentino Scotta,es ESP,DF,Sevilla,19,2001,1,0,1,0.0,0,0,0,0,0,0,0,0.00,0.00,0.00,0.00,0.00,0.0,0.0,0.0,0.0,0.00,0.00,0.00,0.00,0.00,Matches,98529579
529,Aleksandar Sedlar,rs SRB,DFMF,Mallorca,29,1991,10,3,404,4.5,0,0,0,0,0,5,1,0.00,0.00,0.00,0.00,0.00,0.0,0.0,0.0,0.0,0.00,0.01,0.01,0.00,0.01,Matches,a35134ae
530,Javier Serrano,es ESP,MF,Atlético Madrid,18,2003,5,1,68,0.8,0,0,0,0,0,1,1,0.00,0.00,0.00,0.00,0.00,0.0,0.0,0.0,0.0,0.00,0.00,0.00,0.00,0.00,Matches,0a8fd9cb
531,Nicolás Serrano,es ESP,MF,Athletic Club,18,2003,14,3,317,3.5,1,0,1,0,0,0,0,0.28,0.00,0.28,0.28,0.28,0.5,0.5,0.1,0.6,0.15,0.03,0.18,0.15,0.18,Matches,2ad0e5e5
532,Salva Sevilla,es ESP,MF,Mallorca,37,1984,28,17,1507,16.7,5,3,1,4,4,2,0,0.30,0.18,0.48,0.06,0.24,4.6,1.5,2.8,4.3,0.27,0.17,0.44,0.09,0.26,Matches,75bd85ea
533,David Silva,es ESP,MF,Real Sociedad,35,1986,25,22,1720,19.1,2,4,2,0,0,4,1,0.10,0.21,0.31,0.10,0.31,2.7,2.7,4.4,7.1,0.14,0.23,0.37,0.14,0.37,Matches,e2716bd0
534,Jonathan Silva,ar ARG,DFMF,Getafe,27,1994,9,1,226,2.5,0,0,0,0,0,4,0,0.00,0.00,0.00,0.00,0.00,0.0,0.0,0.1,0.1,0.01,0.04,0.05,0.01,0.05,Matches,f2308b33
535,Rui Silva,pt POR,GK,Betis,27,1994,22,21,1964,21.8,0,0,0,0,0,2,0,0.00,0.00,0.00,0.00,0.00,0.0,0.0,0.0,0.0,0.00,0.00,0.00,0.00,0.00,Matches,ea83bfa6
536,Giuliano Simeone,ar ARG,DF,Atlético Madrid,18,2002,1,0,1,0.0,0,0,0,0,0,0,0,0.00,0.00,0.00,0.00,0.00,0.0,0.0,0.0,0.0,0.00,0.00,0.00,0.00,0.00,Matches,a6536561
537,Unai Simón,es ESP,GK,Athletic Club,24,1997,34,34,3060,34.0,0,0,0,0,0,3,0,0.00,0.00,0.00,0.00,0.00,0.0,0.0,0.0,0.0,0.00,0.00,0.00,0.00,0.00,Matches,5dcf3e90
538,Antonio Sivera,es ESP,GK,Alavés,24,1996,4,3,277,3.1,0,0,0,0,0,1,0,0.00,0.00,0.00,0.00,0.00,0.0,0.0,0.0,0.0,0.00,0.00,0.00,0.00,0.00,Matches,9970da54
539,Rubén Sobrino,es ESP,FWMF,Cádiz,29,1992,33,19,1861,20.7,4,1,4,0,0,4,0,0.19,0.05,0.24,0.19,0.24,6.3,6.3,1.9,8.2,0.31,0.09,0.40,0.30,0.40,Matches,19b776e9
540,Rubén Sobrino,es ESP,MF,Valencia,29,1992,1,0,14,0.2,0,0,0,0,0,0,0,0.00,0.00,0.00,0.00,0.00,0.0,0.0,0.0,0.0,0.00,0.00,0.00,0.00,0.00,Matches,19b776e9
541,Alex Sola,es ESP,DFFW,Real Sociedad,22,1999,2,0,41,0.5,0,0,0,0,0,0,0,0.00,0.00,0.00,0.00,0.00,0.1,0.1,0.1,0.2,0.20,0.18,0.38,0.20,0.38,Matches,5fa714d5
542,Augusto Solari,ar ARG,MFDF,Celta Vigo,29,1992,26,4,714,7.9,0,0,0,0,0,5,0,0.00,0.00,0.00,0.00,0.00,0.4,0.4,0.4,0.8,0.05,0.05,0.10,0.05,0.10,Matches,3ca6106c
543,Roberto Soldado,es ESP,FW,Levante,36,1985,18,7,664,7.4,3,2,3,0,0,7,2,0.41,0.27,0.68,0.41,0.68,3.5,3.5,0.9,4.4,0.47,0.12,0.59,0.47,0.59,Matches,9d66fbe3
544,Carlos Soler,es ESP,MF,Valencia,24,1997,32,28,2474,27.5,11,5,4,7,7,4,0,0.40,0.18,0.58,0.15,0.33,8.1,2.8,4.5,7.3,0.30,0.16,0.46,0.10,0.26,Matches,fed17f5a
545,Son,es ESP,DF,Levante,27,1994,26,22,1971,21.9,1,0,1,0,0,5,1,0.05,0.00,0.05,0.05,0.05,1.2,1.2,1.6,2.8,0.05,0.07,0.13,0.05,0.13,Matches,037dbd30
546,David Soria,es ESP,GK,Getafe,28,1993,38,38,3414,37.9,0,0,0,0,0,4,0,0.00,0.00,0.00,0.00,0.00,0.0,0.0,0.0,0.0,0.00,0.00,0.00,0.00,0.00,Matches,8f8c6934
547,Alexander Sørloth,no NOR,FW,Real Sociedad,25,1995,33,20,1763,19.6,4,0,4,0,0,2,0,0.20,0.00,0.20,0.20,0.20,6.5,6.5,2.6,9.1,0.33,0.13,0.47,0.33,0.47,Matches,e92cd3f7
548,Alberto Soro,es ESP,MFFW,Granada,22,1999,16,7,578,6.4,0,0,0,0,0,0,0,0.00,0.00,0.00,0.00,0.00,0.6,0.6,0.6,1.2,0.10,0.09,0.19,0.10,0.19,Matches,452c3055
549,Hugo Sotelo,es ESP,MF,Celta Vigo,17,2003,1,0,2,0.0,0,0,0,0,0,0,0,0.00,0.00,0.00,0.00,0.00,0.0,0.0,0.0,0.0,0.00,0.00,0.00,0.00,0.00,Matches,3aa74860
550,Damián Suárez,uy URU,DF,Getafe,33,1988,35,31,2711,30.1,0,3,0,0,0,13,0,0.00,0.10,0.10,0.00,0.10,0.5,0.5,2.9,3.4,0.02,0.10,0.11,0.02,0.11,Matches,ba5004e1
551,Denis Suárez,es ESP,MF,Celta Vigo,27,1994,38,33,2819,31.3,4,6,4,0,0,4,0,0.13,0.19,0.32,0.13,0.32,1.9,1.9,4.6,6.6,0.06,0.15,0.21,0.06,0.21,Matches,12c50af5
552,Luis Suárez,uy URU,FW,Atlético Madrid,34,1987,35,20,1835,20.4,11,2,9,2,3,7,0,0.54,0.10,0.64,0.44,0.54,9.0,6.8,1.7,8.4,0.44,0.08,0.53,0.33,0.41,Matches,a6154613
553,Mario Suárez,es ESP,DF,Rayo Vallecano,34,1987,14,8,712,7.9,0,0,0,0,0,2,0,0.00,0.00,0.00,0.00,0.00,0.9,0.9,0.0,0.9,0.11,0.01,0.12,0.11,0.12,Matches,7106f0a0
554,Suso,es ESP,FW,Sevilla,27,1993,8,6,384,4.3,0,1,0,0,0,0,0,0.00,0.23,0.23,0.00,0.23,0.2,0.2,0.4,0.6,0.05,0.09,0.14,0.05,0.14,Matches,4e219ad2
555,Mamadou Sylla,sn SEN,FWMF,Rayo Vallecano,27,1994,12,1,253,2.8,0,0,0,0,0,2,0,0.00,0.00,0.00,0.00,0.00,1.7,1.7,0.5,2.2,0.60,0.17,0.77,0.60,0.77,Matches,e5ec95f8
556,Mamadou Sylla,sn SEN,FW,Alavés,27,1994,13,4,394,4.4,0,0,0,0,0,1,0,0.00,0.00,0.00,0.00,0.00,0.2,0.2,0.1,0.3,0.05,0.02,0.07,0.05,0.07,Matches,e5ec95f8
557,Tachi,es ESP,DF,Alavés,23,1997,5,2,239,2.7,0,0,0,0,0,1,0,0.00,0.00,0.00,0.00,0.00,0.0,0.0,0.1,0.1,0.00,0.03,0.03,0.00,0.03,Matches,8b625720
558,Renato Tapia,pe PER,MF,Celta Vigo,26,1995,29,13,1412,15.7,0,0,0,0,0,10,0,0.00,0.00,0.00,0.00,0.00,0.5,0.5,0.1,0.7,0.03,0.01,0.04,0.03,0.04,Matches,34269bdf
559,Cristian Tello,es ESP,FWMF,Betis,29,1991,23,5,819,9.1,2,2,2,0,0,2,0,0.22,0.22,0.44,0.22,0.44,1.7,1.7,2.0,3.7,0.19,0.22,0.40,0.19,0.40,Matches,72a99e38
560,Nahuel Tenaglia,ar ARG,DF,Alavés,25,1996,14,12,1073,11.9,0,0,0,0,0,2,0,0.00,0.00,0.00,0.00,0.00,0.3,0.3,0.3,0.6,0.02,0.03,0.05,0.02,0.05,Matches,66654daa
561,Marc Tenas,es ESP,FWMF,Alavés,20,2001,3,0,54,0.6,0,0,0,0,0,2,0,0.00,0.00,0.00,0.00,0.00,0.0,0.0,0.3,0.3,0.00,0.45,0.45,0.00,0.45,Matches,1c5d79e2
562,Marc-André ter Stegen,de GER,GK,Barcelona,29,1992,35,35,3150,35.0,0,0,0,0,0,3,0,0.00,0.00,0.00,0.00,0.00,0.0,0.0,0.1,0.1,0.00,0.00,0.00,0.00,0.00,Matches,6f51e382
563,David Timor,es ESP,MF,Getafe,31,1989,7,3,341,3.8,0,0,0,0,0,2,0,0.00,0.00,0.00,0.00,0.00,0.2,0.2,0.0,0.2,0.06,0.00,0.06,0.06,0.06,Matches,174651c8
564,Raúl de Tomás,es ESP,FW,Espanyol,26,1994,34,33,2914,32.4,17,3,12,5,5,7,2,0.53,0.09,0.62,0.37,0.46,14.6,10.8,1.7,12.5,0.45,0.05,0.50,0.33,0.39,Matches,02ef8778
565,Raúl Torrente,es ESP,DF,Granada,19,2001,18,15,1282,14.2,0,0,0,0,0,5,0,0.00,0.00,0.00,0.00,0.00,0.3,0.3,0.8,1.2,0.02,0.06,0.08,0.02,0.08,Matches,4d753a3f
566,Ferrán Torres,es ESP,FW,Barcelona,21,2000,18,17,1412,15.7,4,4,3,1,1,1,0,0.25,0.25,0.51,0.19,0.45,7.2,6.4,3.0,9.4,0.46,0.19,0.65,0.41,0.60,Matches,9e1035f8
567,Óliver Torres,es ESP,MFFW,Sevilla,26,1994,26,11,1008,11.2,2,3,2,0,0,2,0,0.18,0.27,0.45,0.18,0.45,0.9,0.9,1.9,2.8,0.08,0.17,0.25,0.08,0.25,Matches,58a9a4d9
568,Pau Torres,es ESP,DF,Villarreal,24,1997,33,33,2855,31.7,5,1,5,0,0,5,0,0.16,0.03,0.19,0.16,0.19,3.2,3.2,1.1,4.3,0.10,0.04,0.14,0.10,0.14,Matches,532e1e4f
569,Roberto Torres,es ESP,MFFW,Osasuna,32,1989,28,6,809,9.0,2,2,0,2,2,3,0,0.22,0.22,0.44,0.00,0.22,2.0,0.4,2.1,2.5,0.22,0.23,0.45,0.05,0.28,Matches,d733aa38
570,Lucas Torró,es ESP,MF,Osasuna,27,1994,33,32,2725,30.3,1,0,1,0,0,10,0,0.03,0.00,0.03,0.03,0.03,1.5,1.5,0.3,1.8,0.05,0.01,0.06,0.05,0.06,Matches,0e4fef6e
571,Adama Traoré,es ESP,FWDF,Barcelona,25,1996,11,4,382,4.2,0,2,0,0,0,0,0,0.00,0.47,0.47,0.00,0.47,0.6,0.6,0.7,1.3,0.14,0.16,0.30,0.14,0.30,Matches,9a28eba4
572,Óscar Trejo,ar ARG,MF,Rayo Vallecano,33,1988,32,24,2007,22.3,3,9,0,3,3,13,0,0.13,0.40,0.54,0.00,0.40,3.4,1.2,4.3,5.4,0.15,0.19,0.35,0.05,0.24,Matches,fc647b34
573,Manu Trigueros,es ESP,MFFW,Villarreal,29,1991,35,27,2178,24.2,6,4,6,0,0,3,0,0.25,0.17,0.41,0.25,0.41,4.9,4.9,2.6,7.5,0.20,0.11,0.31,0.20,0.31,Matches,963829d0
574,Kieran Trippier,eng ENG,DF,Atlético Madrid,30,1990,15,12,976,10.8,0,0,0,0,0,1,0,0.00,0.00,0.00,0.00,0.00,0.1,0.1,0.2,0.4,0.01,0.02,0.03,0.01,0.03,Matches,21512407
575,Beñat Turrientes,es ESP,MF,Real Sociedad,19,2002,8,1,207,2.3,0,0,0,0,0,1,0,0.00,0.00,0.00,0.00,0.00,0.4,0.4,0.2,0.6,0.19,0.08,0.27,0.19,0.27,Matches,068f4dec
576,Samuel Umtiti,fr FRA,DF,Barcelona,27,1993,1,1,90,1.0,0,0,0,0,0,1,0,0.00,0.00,0.00,0.00,0.00,0.0,0.0,0.0,0.0,0.00,0.00,0.00,0.00,0.00,Matches,3eed9821
577,Enes Ünal,tr TUR,FW,Getafe,24,1997,37,33,2798,31.1,16,1,14,2,4,8,0,0.51,0.03,0.55,0.45,0.48,10.2,7.1,1.8,9.0,0.33,0.06,0.39,0.23,0.29,Matches,f8eca1b6
578,Myrto Uzuni,al ALB,MFFW,Granada,26,1995,15,9,856,9.5,1,1,1,0,0,4,0,0.11,0.11,0.21,0.11,0.21,1.5,1.5,1.0,2.5,0.16,0.10,0.26,0.16,0.26,Matches,01da7812
579,Álvaro Vadillo,es ESP,MFDF,Espanyol,26,1994,3,0,7,0.1,0,0,0,0,0,1,0,0.00,0.00,0.00,0.00,0.00,0.0,0.0,0.0,0.0,0.00,0.00,0.00,0.00,0.00,Matches,61b62b33
580,Óscar Valentín,es ESP,MF,Rayo Vallecano,26,1994,35,29,2569,28.5,0,0,0,0,0,8,0,0.00,0.00,0.00,0.00,0.00,1.1,1.1,1.1,2.2,0.04,0.04,0.08,0.04,0.08,Matches,592f3158
581,Germán Valera,es ESP,FWMF,Real Sociedad,19,2002,3,0,51,0.6,0,0,0,0,0,0,0,0.00,0.00,0.00,0.00,0.00,0.0,0.0,0.0,0.0,0.05,0.00,0.05,0.05,0.05,Matches,84f55b4a
582,Martin Valjent,sk SVK,DF,Mallorca,25,1995,36,36,3181,35.3,0,0,0,0,0,4,0,0.00,0.00,0.00,0.00,0.00,0.2,0.2,0.5,0.8,0.01,0.02,0.02,0.01,0.02,Matches,f2c6ac01
583,Jesús Vallejo,es ESP,DF,Real Madrid,24,1997,5,4,341,3.8,0,0,0,0,0,1,0,0.00,0.00,0.00,0.00,0.00,0.0,0.0,0.0,0.0,0.00,0.01,0.01,0.00,0.01,Matches,c2111b45
584,Manu Vallejo,es ESP,FWMF,Valencia,24,1997,9,0,98,1.1,0,0,0,0,0,3,0,0.00,0.00,0.00,0.00,0.00,0.2,0.2,0.1,0.3,0.20,0.09,0.29,0.20,0.29,Matches,0bc4e720
585,Manu Vallejo,es ESP,MFFW,Alavés,24,1997,11,2,370,4.1,1,1,1,0,0,0,0,0.24,0.24,0.49,0.24,0.49,1.0,1.0,0.4,1.3,0.23,0.10,0.33,0.23,0.33,Matches,0bc4e720
586,Federico Valverde,uy URU,MF,Real Madrid,23,1998,31,19,1833,20.4,0,1,0,0,0,2,0,0.00,0.05,0.05,0.00,0.05,1.0,1.0,2.1,3.0,0.05,0.10,0.15,0.05,0.15,Matches,0959c2a2
587,José Luis García Vayá,es ESP,MF,Levante,22,1998,29,23,2012,22.4,0,0,0,0,0,9,0,0.00,0.00,0.00,0.00,0.00,0.6,0.6,2.0,2.6,0.03,0.09,0.12,0.03,0.12,Matches,27dc1378
588,Jesus Vazquez,es ESP,DF,Valencia,18,2003,15,8,813,9.0,0,0,0,0,0,0,0,0.00,0.00,0.00,0.00,0.00,0.7,0.7,0.2,0.9,0.07,0.02,0.10,0.07,0.10,Matches,106c142c
589,Kevin Vázquez,es ESP,DF,Celta Vigo,28,1993,17,16,1334,14.8,0,1,0,0,0,3,0,0.00,0.07,0.07,0.00,0.07,0.4,0.4,0.5,0.9,0.03,0.04,0.06,0.03,0.06,Matches,ee923664
590,Lucas Vázquez,es ESP,DF,Real Madrid,30,1991,29,20,1833,20.4,3,0,3,0,0,3,0,0.15,0.00,0.15,0.15,0.15,1.8,1.8,2.6,4.4,0.09,0.13,0.22,0.09,0.22,Matches,fd51b456
591,Gabriel Veiga,es ESP,MF,Celta Vigo,19,2002,7,0,108,1.2,0,0,0,0,0,0,0,0.00,0.00,0.00,0.00,0.00,0.0,0.0,0.0,0.0,0.02,0.02,0.04,0.02,0.04,Matches,35a6e5c7
592,Unai Vencedor Paris,es ESP,MF,Athletic Club,20,2000,34,29,2383,26.5,0,0,0,0,0,4,0,0.00,0.00,0.00,0.00,0.00,1.0,1.0,0.8,1.8,0.04,0.03,0.07,0.04,0.07,Matches,4112ace5
593,Gonzalo Verdú,es ESP,DF,Elche,32,1988,19,16,1397,15.5,0,0,0,0,0,11,0,0.00,0.00,0.00,0.00,0.00,0.1,0.1,0.0,0.1,0.01,0.00,0.01,0.01,0.01,Matches,1c2c55fc
594,Mikel Vesga,es ESP,MF,Athletic Club,28,1993,32,17,1358,15.1,2,0,2,0,0,7,2,0.13,0.00,0.13,0.13,0.13,0.9,0.9,0.9,1.8,0.06,0.06,0.12,0.06,0.12,Matches,b0fce72c
595,Rúben Vezo,pt POR,DF,Levante,27,1994,32,27,2420,26.9,0,0,0,0,0,4,0,0.00,0.00,0.00,0.00,0.00,0.8,0.8,0.2,1.0,0.03,0.01,0.04,0.03,0.04,Matches,c67cd65c
596,Aleix Vidal,es ESP,DFMF,Espanyol,31,1989,31,21,1901,21.1,2,0,2,0,0,10,0,0.09,0.00,0.09,0.09,0.09,0.8,0.8,1.9,2.7,0.04,0.09,0.13,0.04,0.13,Matches,04965583
597,Nacho Vidal,es ESP,DF,Osasuna,26,1995,35,33,2902,32.2,0,1,0,0,0,9,0,0.00,0.03,0.03,0.00,0.03,1.1,1.1,2.0,3.1,0.03,0.06,0.10,0.03,0.10,Matches,3a9c4b7b
598,Dídac Vilà,es ESP,DFMF,Espanyol,32,1989,9,1,203,2.3,0,0,0,0,0,3,0,0.00,0.00,0.00,0.00,0.00,0.0,0.0,0.1,0.1,0.00,0.05,0.05,0.00,0.05,Matches,bad38a94
599,Tonny Vilhena,nl NED,MFFW,Espanyol,26,1995,17,13,928,10.3,1,1,1,0,0,4,0,0.10,0.10,0.19,0.10,0.19,1.0,1.0,0.9,1.9,0.10,0.09,0.18,0.10,0.18,Matches,c7069d87
600,Daniel Villahermosa,es ESP,MF,Espanyol,20,2001,1,0,23,0.3,0,0,0,0,0,0,0,0.00,0.00,0.00,0.00,0.00,0.0,0.0,0.0,0.0,0.00,0.00,0.00,0.00,0.00,Matches,de903ae2
601,Asier Villalibre,es ESP,FW,Athletic Club,23,1997,19,3,548,6.1,2,0,2,0,0,0,0,0.33,0.00,0.33,0.33,0.33,2.2,2.2,0.1,2.3,0.36,0.01,0.37,0.36,0.37,Matches,57be54ec
602,Gonzalo Villar,es ESP,MF,Getafe,23,1998,10,2,298,3.3,0,1,0,0,0,0,0,0.00,0.30,0.30,0.00,0.30,0.3,0.3,0.4,0.7,0.08,0.12,0.20,0.08,0.20,Matches,bdc74a8f
603,Vitolo,es ESP,MFFW,Getafe,31,1989,7,1,221,2.5,0,0,0,0,0,0,0,0.00,0.00,0.00,0.00,0.00,0.0,0.0,0.1,0.2,0.02,0.06,0.07,0.02,0.07,Matches,db750822
604,Daniel Vivian,es ESP,DF,Athletic Club,22,1999,24,22,1986,22.1,2,1,2,0,0,2,0,0.09,0.05,0.14,0.09,0.14,1.8,1.8,0.2,2.0,0.08,0.01,0.09,0.08,0.09,Matches,ab7bf91d
605,Šime Vrsaljko,hr CRO,DF,Atlético Madrid,29,1992,21,10,914,10.2,1,2,1,0,0,4,0,0.10,0.20,0.30,0.10,0.30,0.8,0.8,0.7,1.5,0.08,0.07,0.15,0.08,0.15,Matches,46a8347f
606,Nikola Vukčević,me MNE,MF,Levante,29,1991,6,0,118,1.3,0,0,0,0,0,1,0,0.00,0.00,0.00,0.00,0.00,0.0,0.0,0.0,0.0,0.01,0.02,0.03,0.01,0.03,Matches,4442fbcd
607,Daniel Wass,dk DEN,MF,Valencia,32,1989,19,19,1582,17.6,1,1,1,0,0,6,0,0.06,0.06,0.11,0.06,0.11,1.8,1.8,0.6,2.4,0.10,0.03,0.14,0.10,0.14,Matches,d83bbc54
608,Daniel Wass,dk DEN,DF,Atlético Madrid,32,1989,1,0,45,0.5,0,0,0,0,0,1,0,0.00,0.00,0.00,0.00,0.00,0.0,0.0,0.0,0.0,0.00,0.00,0.00,0.00,0.00,Matches,d83bbc54
609,Iñaki Williams,es ESP,FW,Athletic Club,27,1994,38,32,2777,30.9,8,5,7,1,1,4,0,0.26,0.16,0.42,0.23,0.39,14.2,13.4,5.4,18.9,0.46,0.18,0.64,0.44,0.61,Matches,6a99e0b1
610,Nico Williams,es ESP,MF,Athletic Club,19,2002,34,11,1337,14.9,0,0,0,0,0,4,0,0.00,0.00,0.00,0.00,0.00,3.1,3.1,1.5,4.6,0.21,0.10,0.31,0.21,0.31,Matches,afdc14d7
611,Okay Yokuşlu,tr TUR,DFMF,Getafe,27,1994,11,5,465,5.2,0,0,0,0,0,1,0,0.00,0.00,0.00,0.00,0.00,0.1,0.1,0.0,0.1,0.03,0.00,0.03,0.03,0.03,Matches,e49ce451
612,Okay Yokuşlu,tr TUR,DFMF,Celta Vigo,27,1994,8,1,140,1.6,0,0,0,0,0,0,0,0.00,0.00,0.00,0.00,0.00,0.2,0.2,0.0,0.2,0.15,0.00,0.15,0.15,0.15,Matches,e49ce451
613,Joseba Zaldúa,es ESP,DF,Real Sociedad,29,1992,24,14,1172,13.0,0,0,0,0,0,6,0,0.00,0.00,0.00,0.00,0.00,0.2,0.2,0.4,0.5,0.01,0.03,0.04,0.01,0.04,Matches,5ca20b7a
614,Oier Zarraga,es ESP,MF,Athletic Club,22,1999,31,8,1166,13.0,1,0,0,1,1,5,0,0.08,0.00,0.08,0.00,0.00,1.3,0.5,0.2,0.7,0.10,0.02,0.12,0.04,0.06,Matches,968a1c2f
615,Luca Zidane,fr FRA,GKMF,Rayo Vallecano,23,1998,8,8,645,7.2,0,0,0,0,0,0,1,0.00,0.00,0.00,0.00,0.00,0.0,0.0,0.0,0.0,0.00,0.00,0.00,0.00,0.00,Matches,c818c4d9
616,Igor Zubeldia,es ESP,DF,Real Sociedad,24,1997,26,19,1648,18.3,0,1,0,0,0,7,0,0.00,0.05,0.05,0.00,0.05,0.8,0.8,0.2,1.0,0.04,0.01,0.05,0.04,0.05,Matches,5c7845f6
617,Martín Zubimendi,es ESP,MF,Real Sociedad,22,1999,36,26,2591,28.8,2,1,2,0,0,4,0,0.07,0.03,0.10,0.07,0.10,2.0,2.0,1.0,3.0,0.07,0.04,0.10,0.07,0.10,Matches,3ee0dd59